COW,DATE,MILK,CONCENTRATED FEEDING,RELATION,PADDOCK
1,5-ene,0.0,0.0,0.0,2.0
1,12-ene,0.0,0.0,0.0,2.0
1,19-ene,0.0,0.0,0.0,3.0
1,26-ene,0.0,0.0,0.0,4.0
1,2-feb,0.0,0.0,0.0,5.0
1,9-feb,0.0,0.0,0.0,3.0
1,16-feb,0.0,0.0,0.0,2.0
1,23-feb,21.5,6.0,3.6,1.0
1,2-mar,26.0,8.0,3.3,4.0
1,9-mar,26.0,8.0,3.3,5.0
1,17-mar,25.0,8.0,3.1,5.0
1,23-mar,26.5,8.0,3.3,3.0
1,30-mar,25.0,8.0,3.1,2.0
1,6-abr,26.5,8.0,3.3,1.0
1,14-abr,27.5,8.0,3.4,1.0
1,20-abr,25.5,8.0,3.2,4.0
1,27-abr,23.5,6.0,3.9,5.0
1,4-may,23.0,6.0,3.8,5.0
1,11-may,25.5,8.0,3.2,3.0
1,18-may,23.5,6.0,3.9,2.0
1,25-may,23.5,6.0,3.9,1.0
1,1-jun,23.5,6.0,3.9,1.0
1,8-jun,22.5,6.0,3.8,4.0
1,15-jun,20.5,4.0,5.1,5.0
1,23-jun,20.0,4.0,5.0,3.0
1,26-jun,19.5,4.0,4.9,0.0
1,1-jul,21.0,6.0,3.5,2.0
1,6-jul,19.5,4.0,4.9,2.0
1,13-jul,18.0,4.0,4.5,1.0
1,20-jul,18.0,4.0,4.5,4.0
1,27-jul,16.0,4.0,4.0,5.0
1,3-ago,16.5,4.0,4.1,3.0
1,10-ago,18.0,4.0,4.5,2.0
1,17-ago,16.0,4.0,4.0,0.0
1,24-ago,17.0,4.0,4.3,1.0
1,31-ago,17.0,4.0,4.3,1.0
1,6-sep,15.5,2.0,7.8,4.0
1,13-sep,17.0,4.0,4.3,5.0
1,21-sep,17.0,4.0,4.3,3.0
1,28-sep,16.0,4.0,4.0,3.0
1,4-oct,18.5,4.0,4.6,2.0
1,12-oct,16.5,4.0,4.1,1.0
1,19-oct,15.5,2.0,7.8,1.0
1,26-oct,14.5,2.0,7.3,4.0
1,2-nov,14.0,2.0,7.0,5.0
1,9-nov,15.5,2.0,7.8,3.0
1,15-nov,15.0,2.0,7.5,3.0
1,23-nov,13.5,2.0,6.8,2.0
1,30-nov,10.0,0.0,0.0,1.0
1,7-dic,0.0,0.0,0.0,0.0
1,14-dic,0.0,0.0,0.0,4.0
1,22-dic,0.0,0.0,0.0,0.0
1,28-dic,0.0,0.0,0.0,0.0
2,5-ene,0.0,0.0,0.0,2.0
2,12-ene,0.0,0.0,0.0,2.0
2,19-ene,0.0,0.0,0.0,3.0
2,26-ene,0.0,0.0,0.0,4.0
2,2-feb,15.0,6.0,2.5,5.0
2,9-feb,18.0,8.0,2.3,3.0
2,16-feb,22.0,6.0,3.7,2.0
2,23-feb,25.0,8.0,3.1,1.0
2,2-mar,25.5,8.0,3.2,0.0
2,9-mar,28.5,8.0,3.6,0.0
2,17-mar,27.5,8.0,3.4,0.0
2,23-mar,28.0,8.0,3.5,0.0
2,30-mar,28.5,8.0,3.6,0.0
2,6-abr,28.0,8.0,3.5,1.0
2,14-abr,28.5,8.0,3.6,1.0
2,20-abr,27.5,8.0,3.4,4.0
2,27-abr,28.5,8.0,3.6,5.0
2,4-may,25.5,6.0,4.3,5.0
2,11-may,26.0,8.0,3.3,3.0
2,18-may,27.5,8.0,3.4,2.0
2,25-may,25.0,8.0,3.1,1.0
2,1-jun,23.5,6.0,3.9,1.0
2,8-jun,23.5,6.0,3.9,4.0
2,15-jun,24.0,6.0,4.0,5.0
2,23-jun,22.5,6.0,3.8,3.0
2,26-jun,21.5,6.0,3.6,0.0
2,1-jul,23.0,6.0,3.8,2.0
2,6-jul,20.5,4.0,5.1,2.0
2,13-jul,21.5,6.0,3.6,1.0
2,20-jul,20.5,6.0,3.4,4.0
2,27-jul,19.0,4.0,4.8,5.0
2,3-ago,19.5,4.0,4.9,3.0
2,10-ago,21.0,6.0,3.5,2.0
2,17-ago,18.0,4.0,4.5,0.0
2,24-ago,22.0,6.0,3.7,1.0
2,31-ago,21.0,6.0,3.5,1.0
2,6-sep,19.0,4.0,4.8,4.0
2,13-sep,21.0,6.0,3.5,5.0
2,21-sep,18.0,4.0,4.5,3.0
2,28-sep,18.5,4.0,4.6,3.0
2,4-oct,18.0,4.0,4.5,2.0
2,12-oct,16.5,4.0,4.1,1.0
2,19-oct,17.0,4.0,4.3,1.0
2,26-oct,16.5,4.0,4.1,4.0
2,2-nov,15.5,2.0,7.8,5.0
2,9-nov,17.0,0.0,0.0,3.0
2,15-nov,14.0,0.0,0.0,3.0
2,23-nov,0.0,0.0,0.0,2.0
2,30-nov,0.0,0.0,0.0,0.0
2,7-dic,0.0,0.0,0.0,0.0
2,14-dic,0.0,0.0,0.0,4.0
2,22-dic,0.0,0.0,0.0,0.0
2,28-dic,0.0,0.0,0.0,0.0
3,5-ene,30.5,10.0,3.1,2.0
3,12-ene,28.5,10.0,2.9,2.0
3,19-ene,31.0,10.0,3.1,3.0
3,26-ene,27.5,8.0,3.4,4.0
3,2-feb,25.0,8.0,3.1,5.0
3,9-feb,27.5,8.0,3.4,3.0
3,16-feb,26.5,8.0,3.3,2.0
3,23-feb,26.0,8.0,3.3,1.0
3,2-mar,22.5,6.0,3.8,0.0
3,9-mar,25.0,8.0,3.1,0.0
3,17-mar,20.0,4.0,5.0,0.0
3,23-mar,26.0,8.0,3.3,0.0
3,30-mar,22.5,6.0,3.8,0.0
3,6-abr,21.5,6.0,3.6,1.0
3,14-abr,21.0,6.0,3.5,1.0
3,20-abr,20.0,4.0,5.0,4.0
3,27-abr,20.5,4.0,5.1,5.0
3,4-may,17.0,4.0,4.3,5.0
3,11-may,17.0,4.0,4.3,3.0
3,18-may,16.0,2.0,8.0,2.0
3,25-may,14.5,2.0,7.3,1.0
3,1-jun,11.0,2.0,5.5,1.0
3,8-jun,7.0,0.0,0.0,4.0
3,15-jun,4.5,0.0,0.0,5.0
3,23-jun,0.0,0.0,0.0,3.0
3,26-jun,0.0,0.0,0.0,0.0
3,1-jul,0.0,0.0,0.0,2.0
3,6-jul,0.0,0.0,0.0,2.0
3,13-jul,0.0,0.0,0.0,1.0
3,20-jul,0.0,0.0,0.0,4.0
3,27-jul,0.0,0.0,0.0,5.0
3,3-ago,0.0,0.0,0.0,3.0
3,10-ago,0.0,0.0,0.0,2.0
3,17-ago,0.0,0.0,0.0,0.0
3,24-ago,0.0,0.0,0.0,1.0
3,31-ago,0.0,0.0,0.0,1.0
3,6-sep,0.0,0.0,0.0,4.0
3,13-sep,0.0,0.0,0.0,5.0
3,21-sep,0.0,0.0,0.0,0.0
3,28-sep,0.0,0.0,0.0,0.0
3,4-oct,0.0,0.0,0.0,0.0
3,12-oct,0.0,0.0,0.0,0.0
3,19-oct,40.0,10.0,4.0,1.0
3,26-oct,41.5,10.0,4.2,4.0
3,2-nov,43.5,10.0,4.4,5.0
3,9-nov,40.0,10.0,4.0,3.0
3,15-nov,37.5,10.0,3.8,3.0
3,23-nov,34.0,10.0,3.4,2.0
3,30-nov,44.0,10.0,4.4,1.0
3,7-dic,46.5,10.0,4.7,4.0
3,14-dic,44.0,10.0,4.4,4.0
3,22-dic,34.5,10.0,3.5,5.0
3,28-dic,44.5,10.0,4.5,3.0
4,5-ene,22.0,6.0,3.7,2.0
4,12-ene,28.5,6.0,4.8,2.0
4,19-ene,23.5,5.0,4.7,3.0
4,26-ene,21.5,6.0,3.6,4.0
4,2-feb,22.0,6.0,3.7,5.0
4,9-feb,20.0,4.0,5.0,3.0
4,16-feb,16.5,4.0,4.1,2.0
4,23-feb,19.5,4.0,4.9,1.0
4,2-mar,18.0,4.0,4.5,0.0
4,9-mar,17.0,4.0,4.3,0.0
4,17-mar,18.0,4.0,4.5,0.0
4,23-mar,18.0,4.0,4.5,0.0
4,30-mar,17.0,4.0,4.3,0.0
4,6-abr,18.0,4.0,4.5,1.0
4,14-abr,17.5,4.0,4.4,1.0
4,20-abr,16.5,4.0,4.1,4.0
4,27-abr,16.0,4.0,4.0,5.0
4,4-may,16.0,4.0,4.0,5.0
4,11-may,16.0,4.0,4.0,3.0
4,18-may,15.0,2.0,7.5,2.0
4,25-may,16.5,2.0,8.3,1.0
4,1-jun,14.5,2.0,7.3,1.0
4,8-jun,12.0,0.0,0.0,4.0
4,15-jun,12.5,0.0,0.0,5.0
4,23-jun,11.5,2.0,5.8,3.0
4,26-jun,12.5,2.0,6.3,0.0
4,1-jul,12.5,2.0,6.3,2.0
4,6-jul,11.5,2.0,5.8,2.0
4,13-jul,11.0,2.0,5.5,1.0
4,20-jul,9.0,2.0,4.5,4.0
4,27-jul,11.0,2.0,5.5,5.0
4,3-ago,9.5,0.0,0.0,3.0
4,10-ago,9.0,0.0,0.0,2.0
4,17-ago,0.0,0.0,0.0,0.0
4,24-ago,0.0,0.0,0.0,1.0
4,31-ago,0.0,0.0,0.0,1.0
4,6-sep,0.0,0.0,0.0,0.0
4,13-sep,0.0,0.0,0.0,0.0
4,21-sep,0.0,0.0,0.0,0.0
4,28-sep,0.0,0.0,0.0,0.0
4,4-oct,0.0,0.0,0.0,0.0
4,12-oct,0.0,0.0,0.0,0.0
4,19-oct,0.0,0.0,0.0,0.0
4,26-oct,0.0,0.0,0.0,0.0
4,2-nov,0.0,0.0,0.0,0.0
4,9-nov,0.0,0.0,0.0,0.0
4,15-nov,0.0,0.0,0.0,0.0
4,23-nov,0.0,0.0,0.0,0.0
4,30-nov,0.0,0.0,0.0,0.0
4,7-dic,0.0,0.0,0.0,0.0
4,14-dic,0.0,0.0,0.0,0.0
4,22-dic,0.0,0.0,0.0,0.0
4,28-dic,0.0,0.0,0.0,0.0
5,5-ene,0.0,0.0,0.0,0.0
5,12-ene,0.0,0.0,0.0,2.0
5,19-ene,0.0,0.0,0.0,3.0
5,26-ene,0.0,0.0,0.0,4.0
5,2-feb,0.0,0.0,0.0,5.0
5,9-feb,0.0,0.0,0.0,3.0
5,16-feb,0.0,0.0,0.0,2.0
5,23-feb,0.0,0.0,0.0,1.0
5,2-mar,0.0,0.0,0.0,0.0
5,9-mar,28.5,8.0,3.6,0.0
5,17-mar,32.0,10.0,3.2,0.0
5,23-mar,33.0,10.0,3.3,0.0
5,30-mar,32.5,12.0,2.7,0.0
5,6-abr,34.0,10.0,3.4,1.0
5,14-abr,34.5,10.0,3.5,1.0
5,20-abr,34.0,10.0,3.4,4.0
5,27-abr,30.5,10.0,3.1,5.0
5,4-may,29.5,8.0,3.7,5.0
5,11-may,30.5,10.0,3.1,3.0
5,18-may,24.5,6.0,4.1,2.0
5,25-may,30.0,10.0,3.0,1.0
5,1-jun,32.0,10.0,3.2,1.0
5,8-jun,28.5,8.0,3.6,4.0
5,15-jun,24.0,6.0,4.0,5.0
5,23-jun,26.5,8.0,3.3,3.0
5,26-jun,25.0,8.0,3.1,0.0
5,1-jul,26.5,8.0,3.3,2.0
5,6-jul,25.5,8.0,3.2,2.0
5,13-jul,26.5,8.0,3.3,1.0
5,20-jul,26.0,8.0,3.3,4.0
5,27-jul,25.0,8.0,3.1,5.0
5,3-ago,19.0,4.0,4.8,3.0
5,10-ago,24.5,6.0,4.1,2.0
5,17-ago,25.0,8.0,3.1,0.0
5,24-ago,25.5,8.0,3.2,1.0
5,31-ago,24.5,8.0,3.1,1.0
5,6-sep,24.5,6.0,4.1,4.0
5,13-sep,24.5,6.0,4.1,5.0
5,21-sep,24.0,6.0,4.0,3.0
5,28-sep,24.0,6.0,4.0,3.0
5,4-oct,23.0,6.0,3.8,2.0
5,12-oct,21.0,6.0,3.5,1.0
5,19-oct,21.5,6.0,3.6,1.0
5,26-oct,22.0,6.0,3.7,4.0
5,2-nov,19.5,4.0,4.9,5.0
5,9-nov,21.0,6.0,3.5,3.0
5,15-nov,19.0,4.0,4.8,3.0
5,23-nov,17.0,4.0,4.3,2.0
5,30-nov,15.5,2.0,7.8,1.0
5,7-dic,16.5,4.0,4.1,4.0
5,14-dic,17.5,4.0,4.4,4.0
5,22-dic,17.5,4.0,4.4,5.0
5,28-dic,17.5,4.0,4.4,3.0
6,5-ene,44.5,12.0,3.7,2.0
6,12-ene,43.5,12.0,3.6,2.0
6,19-ene,46.5,12.0,3.9,3.0
6,26-ene,40.0,10.0,4.0,4.0
6,2-feb,42.5,12.0,3.5,5.0
6,9-feb,45.5,10.0,4.6,3.0
6,16-feb,44.0,12.0,3.7,2.0
6,23-feb,45.0,12.0,3.8,1.0
6,2-mar,43.5,12.0,3.6,0.0
6,9-mar,43.0,12.0,3.6,0.0
6,17-mar,28.0,10.0,2.8,0.0
6,23-mar,42.0,12.0,3.5,0.0
6,30-mar,38.0,12.0,3.2,0.0
6,6-abr,42.0,12.0,3.5,1.0
6,14-abr,37.5,10.0,3.8,11.0
6,20-abr,39.0,10.0,3.9,4.0
6,27-abr,35.5,10.0,3.6,5.0
6,4-may,33.5,10.0,3.4,5.0
6,11-may,37.5,10.0,3.8,3.0
6,18-may,32.0,10.0,3.2,2.0
6,25-may,33.5,10.0,3.4,1.0
6,1-jun,35.0,10.0,3.5,1.0
6,8-jun,31.0,8.0,3.9,4.0
6,15-jun,29.5,10.0,3.0,5.0
6,23-jun,33.5,10.0,3.4,3.0
6,26-jun,31.0,10.0,3.1,0.0
6,1-jul,31.5,10.0,3.2,2.0
6,6-jul,31.5,10.0,3.2,2.0
6,13-jul,30.5,10.0,3.1,1.0
6,20-jul,29.5,10.0,3.0,4.0
6,27-jul,30.0,10.0,3.0,5.0
6,3-ago,27.0,8.0,3.4,3.0
6,10-ago,27.5,8.0,3.4,2.0
6,17-ago,24.5,8.0,3.1,0.0
6,24-ago,26.0,8.0,3.3,1.0
6,31-ago,25.0,8.0,3.1,1.0
6,6-sep,24.0,6.0,4.0,4.0
6,13-sep,25.5,8.0,3.2,5.0
6,21-sep,23.5,6.0,3.9,3.0
6,28-sep,24.0,6.0,4.0,3.0
6,4-oct,26.5,8.0,3.3,2.0
6,12-oct,22.0,6.0,3.7,1.0
6,19-oct,22.0,6.0,3.7,1.0
6,26-oct,21.0,6.0,3.5,4.0
6,2-nov,19.0,4.0,4.8,5.0
6,9-nov,21.0,6.0,3.5,3.0
6,15-nov,22.0,6.0,3.7,3.0
6,23-nov,15.0,6.0,2.5,2.0
6,30-nov,19.0,4.0,4.8,1.0
6,7-dic,18.5,4.0,4.6,4.0
6,14-dic,22.0,4.0,5.5,4.0
6,22-dic,20.0,4.0,5.0,5.0
6,28-dic,19.5,4.0,4.9,3.0
7,5-ene,18.5,4.0,4.6,2.0
7,12-ene,17.0,4.0,4.3,2.0
7,19-ene,19.5,4.0,4.9,3.0
7,26-ene,17.0,4.0,4.3,4.0
7,2-feb,14.0,2.0,7.0,5.0
7,9-feb,14.5,2.0,7.3,3.0
7,16-feb,14.0,2.0,7.0,2.0
7,23-feb,11.5,2.0,5.8,1.0
7,2-mar,12.0,2.0,6.0,0.0
7,9-mar,11.0,2.0,5.5,0.0
7,17-mar,8.5,0.0,0.0,0.0
7,23-mar,8.0,0.0,0.0,0.0
7,30-mar,5.5,0.0,0.0,0.0
7,6-abr,0.0,0.0,0.0,0.0
7,14-abr,0.0,0.0,0.0,0.0
7,20-abr,0.0,0.0,0.0,0.0
7,27-abr,0.0,0.0,0.0,0.0
7,4-may,0.0,0.0,0.0,0.0
7,11-may,0.0,0.0,0.0,0.0
7,18-may,0.0,0.0,0.0,0.0
7,25-may,0.0,0.0,0.0,0.0
7,1-jun,0.0,0.0,0.0,1.0
7,8-jun,0.0,0.0,0.0,4.0
7,15-jun,0.0,0.0,0.0,5.0
7,23-jun,0.0,8.0,0.0,3.0
7,26-jun,25.0,8.0,3.1,0.0
7,1-jul,32.0,10.0,3.2,2.0
7,6-jul,32.0,10.0,3.2,2.0
7,13-jul,30.0,10.0,3.0,1.0
7,20-jul,31.0,10.0,3.1,4.0
7,27-jul,31.5,10.0,3.2,5.0
7,3-ago,32.5,10.0,3.3,3.0
7,10-ago,33.5,10.0,3.4,2.0
7,17-ago,29.0,10.0,2.9,0.0
7,24-ago,28.5,8.0,3.6,1.0
7,31-ago,34.5,10.0,3.5,1.0
7,6-sep,32.0,10.0,3.2,4.0
7,13-sep,33.5,10.0,3.4,5.0
7,21-sep,35.5,10.0,3.6,3.0
7,28-sep,33.0,10.0,3.3,3.0
7,4-oct,32.0,10.0,3.2,2.0
7,12-oct,30.5,10.0,3.1,1.0
7,19-oct,33.0,10.0,3.3,1.0
7,26-oct,31.0,10.0,3.1,4.0
7,2-nov,28.5,8.0,3.6,5.0
7,9-nov,30.5,10.0,3.1,3.0
7,15-nov,27.0,8.0,3.4,3.0
7,23-nov,20.0,8.0,2.5,2.0
7,30-nov,28.5,8.0,3.6,1.0
7,7-dic,21.5,6.0,3.6,4.0
7,14-dic,25.0,6.0,4.2,4.0
7,22-dic,28.0,8.0,3.5,5.0
7,28-dic,27.5,8.0,3.4,3.0
26,5-ene,0.0,0.0,0.0,0.0
26,12-ene,0.0,0.0,0.0,0.0
26,19-ene,0.0,0.0,0.0,0.0
26,26-ene,0.0,0.0,0.0,0.0
26,2-feb,0.0,0.0,0.0,0.0
26,9-feb,0.0,0.0,0.0,0.0
26,16-feb,0.0,0.0,0.0,0.0
26,23-feb,0.0,0.0,0.0,0.0
26,2-mar,0.0,0.0,0.0,0.0
26,9-mar,0.0,0.0,0.0,0.0
26,17-mar,0.0,0.0,0.0,0.0
26,23-mar,0.0,0.0,0.0,0.0
26,30-mar,0.0,0.0,0.0,0.0
26,6-abr,0.0,0.0,0.0,0.0
26,14-abr,0.0,0.0,0.0,0.0
26,20-abr,0.0,0.0,0.0,0.0
26,27-abr,0.0,0.0,0.0,0.0
26,4-may,0.0,0.0,0.0,0.0
26,11-may,0.0,0.0,0.0,0.0
26,18-may,0.0,0.0,0.0,0.0
26,25-may,0.0,0.0,0.0,0.0
26,1-jun,0.0,0.0,0.0,0.0
26,8-jun,0.0,0.0,0.0,0.0
26,15-jun,0.0,0.0,0.0,0.0
26,23-jun,0.0,0.0,0.0,0.0
26,26-jun,0.0,0.0,0.0,0.0
26,1-jul,0.0,0.0,0.0,0.0
26,6-jul,0.0,0.0,0.0,0.0
26,13-jul,0.0,0.0,0.0,0.0
26,20-jul,0.0,0.0,0.0,0.0
26,27-jul,0.0,0.0,0.0,0.0
26,3-ago,0.0,0.0,0.0,0.0
26,10-ago,0.0,0.0,0.0,0.0
26,17-ago,0.0,0.0,0.0,0.0
26,24-ago,0.0,0.0,0.0,0.0
26,31-ago,0.0,0.0,0.0,0.0
26,6-sep,25.0,8.0,3.1,4.0
26,13-sep,29.0,10.0,2.9,5.0
26,21-sep,28.5,8.0,3.6,3.0
26,28-sep,27.0,8.0,3.4,3.0
26,4-oct,25.5,8.0,3.2,2.0
26,12-oct,28.0,10.0,2.8,1.0
26,19-oct,28.0,8.0,3.5,1.0
26,26-oct,24.5,6.0,4.1,4.0
26,2-nov,25.5,6.0,4.3,5.0
26,9-nov,27.5,8.0,3.4,3.0
26,15-nov,25.0,8.0,3.1,3.0
26,23-nov,19.0,8.0,2.4,2.0
26,30-nov,29.0,10.0,2.9,1.0
26,7-dic,25.0,8.0,3.1,4.0
26,14-dic,24.0,8.0,3.0,4.0
26,22-dic,25.5,8.0,3.2,5.0
26,28-dic,25.0,8.0,3.1,3.0
8,5-ene,31.5,10.0,3.2,2.0
8,12-ene,30.0,10.0,3.0,2.0
8,19-ene,32.0,10.0,3.2,3.0
8,26-ene,32.0,10.0,3.2,4.0
8,2-feb,31.0,10.0,3.1,5.0
8,9-feb,26.5,8.0,3.3,3.0
8,16-feb,29.5,10.0,3.0,2.0
8,23-feb,31.0,10.0,3.1,1.0
8,2-mar,29.5,10.0,3.0,0.0
8,9-mar,27.5,8.0,3.4,0.0
8,17-mar,27.5,8.0,3.4,0.0
8,23-mar,25.8,8.0,3.2,0.0
8,30-mar,27.0,8.0,3.4,0.0
8,6-abr,28.0,8.0,3.5,1.0
8,14-abr,29.0,10.0,2.9,1.0
8,20-abr,26.5,8.0,3.3,4.0
8,27-abr,24.0,6.0,4.0,5.0
8,4-may,21.5,6.0,3.6,5.0
8,11-may,25.0,8.0,3.1,3.0
8,18-may,23.5,6.0,3.9,2.0
8,25-may,33.5,10.0,3.4,1.0
8,1-jun,23.5,6.0,3.9,1.0
8,8-jun,21.0,4.0,5.3,4.0
8,15-jun,21.0,6.0,3.5,5.0
8,23-jun,20.0,4.0,5.0,3.0
8,26-jun,17.0,4.0,4.3,0.0
8,1-jul,19.0,20.0,1.0,2.0
8,6-jul,18.5,4.0,4.6,2.0
8,13-jul,17.0,4.0,4.3,1.0
8,20-jul,16.0,4.0,4.0,4.0
8,27-jul,17.5,4.0,4.4,5.0
8,3-ago,16.0,0.0,0.0,3.0
8,10-ago,14.5,0.0,0.0,2.0
8,17-ago,0.0,0.0,0.0,0.0
8,24-ago,0.0,0.0,0.0,1.0
8,31-ago,0.0,0.0,0.0,1.0
8,6-sep,0.0,0.0,0.0,4.0
8,13-sep,0.0,0.0,0.0,5.0
8,21-sep,0.0,0.0,0.0,0.0
8,28-sep,0.0,0.0,0.0,0.0
8,4-oct,19.0,8.0,2.4,2.0
8,12-oct,24.5,8.0,3.1,1.0
8,19-oct,30.0,10.0,3.0,1.0
8,26-oct,31.5,10.0,3.2,4.0
8,2-nov,31.0,10.0,3.1,5.0
8,9-nov,31.0,10.0,3.1,3.0
8,15-nov,28.0,10.0,2.8,3.0
8,23-nov,30.0,10.0,3.0,2.0
8,30-nov,28.5,8.0,3.6,1.0
8,7-dic,29.5,10.0,3.0,4.0
8,14-dic,29.5,10.0,3.0,4.0
8,22-dic,29.5,10.0,3.0,5.0
8,28-dic,30.5,10.0,3.1,3.0
10,5-ene,31.5,10.0,3.2,2.0
10,12-ene,31.0,10.0,3.1,2.0
10,19-ene,31.0,10.0,3.1,3.0
10,26-ene,31.5,10.0,3.2,4.0
10,2-feb,30.5,10.0,3.1,5.0
10,9-feb,30.0,10.0,3.0,3.0
10,16-feb,28.0,8.0,3.5,2.0
10,23-feb,33.0,10.0,3.3,1.0
10,2-mar,29.0,10.0,2.9,0.0
10,9-mar,27.5,8.0,3.4,0.0
10,17-mar,24.5,8.0,3.1,0.0
10,23-mar,27.5,8.0,3.4,0.0
10,30-mar,24.0,6.0,4.0,0.0
10,6-abr,25.5,8.0,3.2,1.0
10,14-abr,23.0,6.0,3.8,1.0
10,20-abr,23.0,6.0,3.8,4.0
10,27-abr,18.5,4.0,4.6,5.0
10,4-may,18.0,4.0,4.5,5.0
10,11-may,18.0,4.0,4.5,3.0
10,18-may,17.5,4.0,4.4,2.0
10,25-may,17.5,4.0,4.4,1.0
10,1-jun,18.0,4.0,4.5,1.0
10,8-jun,17.0,4.0,4.3,4.0
10,15-jun,16.0,4.0,4.0,5.0
10,23-jun,14.4,2.0,7.2,3.0
10,26-jun,14.0,2.0,7.0,0.0
10,1-jul,13.5,2.0,6.8,2.0
10,6-jul,14.0,2.0,7.0,2.0
10,13-jul,12.0,2.0,6.0,1.0
10,20-jul,11.5,2.0,5.8,4.0
10,27-jul,9.5,0.0,0.0,5.0
10,3-ago,0.0,0.0,0.0,3.0
10,10-ago,0.0,0.0,0.0,2.0
10,17-ago,0.0,0.0,0.0,0.0
10,24-ago,0.0,0.0,0.0,1.0
10,31-ago,0.0,0.0,0.0,1.0
10,6-sep,0.0,0.0,0.0,4.0
10,13-sep,0.0,0.0,0.0,5.0
10,21-sep,0.0,0.0,0.0,0.0
10,28-sep,0.0,0.0,0.0,0.0
10,4-oct,25.5,8.0,3.2,2.0
10,12-oct,20.5,4.0,5.1,1.0
10,19-oct,0.0,0.0,0.0,0.0
10,26-oct,0.0,0.0,0.0,0.0
10,2-nov,0.0,0.0,0.0,0.0
10,9-nov,0.0,0.0,0.0,0.0
10,15-nov,0.0,0.0,0.0,0.0
10,23-nov,0.0,0.0,0.0,2.0
10,30-nov,28.0,10.0,2.8,1.0
10,7-dic,34.0,10.0,3.4,4.0
10,14-dic,35.0,10.0,3.5,4.0
10,22-dic,29.0,10.0,2.9,5.0
10,28-dic,34.5,10.0,3.5,3.0
11,5-ene,20.0,4.0,5.0,2.0
11,12-ene,20.0,4.0,5.0,2.0
11,19-ene,20.0,4.0,5.0,3.0
11,26-ene,20.0,4.0,5.0,4.0
11,2-feb,0.0,0.0,0.0,5.0
11,9-feb,0.0,0.0,0.0,3.0
11,16-feb,0.0,0.0,0.0,2.0
11,23-feb,0.0,0.0,0.0,1.0
11,2-mar,0.0,0.0,0.0,0.0
11,9-mar,0.0,0.0,0.0,0.0
11,17-mar,0.0,0.0,0.0,0.0
11,23-mar,0.0,0.0,0.0,0.0
11,30-mar,0.0,0.0,0.0,0.0
11,6-abr,0.0,0.0,0.0,0.0
11,14-abr,0.0,0.0,0.0,0.0
11,20-abr,0.0,0.0,0.0,0.0
11,27-abr,0.0,0.0,0.0,0.0
11,4-may,0.0,0.0,0.0,0.0
11,11-may,0.0,0.0,0.0,0.0
11,18-may,0.0,0.0,0.0,0.0
11,25-may,0.0,0.0,0.0,0.0
11,1-jun,0.0,0.0,0.0,1.0
11,8-jun,0.0,0.0,0.0,4.0
11,15-jun,0.0,0.0,0.0,5.0
11,23-jun,0.0,0.0,0.0,3.0
11,26-jun,0.0,0.0,0.0,0.0
11,1-jul,0.0,0.0,0.0,2.0
11,6-jul,0.0,0.0,0.0,2.0
11,13-jul,0.0,0.0,0.0,1.0
11,20-jul,0.0,0.0,0.0,4.0
11,27-jul,0.0,0.0,0.0,5.0
11,3-ago,0.0,0.0,0.0,3.0
11,10-ago,0.0,0.0,0.0,2.0
11,17-ago,0.0,0.0,0.0,0.0
11,24-ago,0.0,0.0,0.0,1.0
11,31-ago,0.0,0.0,0.0,1.0
11,6-sep,0.0,0.0,0.0,4.0
11,13-sep,0.0,0.0,0.0,5.0
11,21-sep,0.0,0.0,0.0,0.0
11,28-sep,0.0,0.0,0.0,0.0
11,4-oct,22.0,6.0,3.7,2.0
11,12-oct,21.5,6.0,3.6,1.0
11,19-oct,0.0,0.0,0.0,0.0
11,26-oct,0.0,0.0,0.0,0.0
11,2-nov,0.0,0.0,0.0,0.0
11,9-nov,0.0,0.0,0.0,0.0
11,15-nov,0.0,0.0,0.0,0.0
11,23-nov,0.0,0.0,0.0,0.0
11,30-nov,0.0,0.0,0.0,0.0
11,7-dic,0.0,0.0,0.0,0.0
11,14-dic,0.0,0.0,0.0,0.0
11,22-dic,0.0,0.0,0.0,0.0
11,28-dic,0.0,0.0,0.0,0.0
12,5-ene,20.0,4.0,5.0,2.0
12,12-ene,21.0,4.0,5.3,2.0
12,19-ene,20.0,4.0,5.0,3.0
12,26-ene,18.5,4.0,4.6,4.0
12,2-feb,17.5,4.0,4.4,5.0
12,9-feb,15.0,2.0,7.5,3.0
12,16-feb,14.0,2.0,7.0,2.0
12,23-feb,0.0,0.0,0.0,1.0
12,2-mar,0.0,0.0,0.0,0.0
12,9-mar,0.0,0.0,0.0,0.0
12,17-mar,0.0,0.0,0.0,0.0
12,23-mar,0.0,0.0,0.0,0.0
12,30-mar,0.0,0.0,0.0,0.0
12,6-abr,0.0,0.0,0.0,0.0
12,14-abr,0.0,0.0,0.0,0.0
12,20-abr,0.0,0.0,0.0,0.0
12,27-abr,31.5,10.0,3.2,5.0
12,4-may,35.0,10.0,3.5,5.0
12,11-may,35.0,10.0,3.5,3.0
12,18-may,26.0,8.0,3.3,2.0
12,25-may,31.5,10.0,3.2,1.0
12,1-jun,34.0,10.0,3.4,1.0
12,8-jun,33.0,8.0,4.1,4.0
12,15-jun,34.0,10.0,3.4,5.0
12,23-jun,34.0,10.0,3.4,3.0
12,26-jun,31.5,10.0,3.2,0.0
12,1-jul,28.5,8.0,3.6,2.0
12,6-jul,32.0,10.0,3.2,2.0
12,13-jul,30.5,10.0,3.1,1.0
12,20-jul,32.0,10.0,3.2,4.0
12,27-jul,29.5,10.0,3.0,5.0
12,3-ago,31.5,10.0,3.2,3.0
12,10-ago,29.0,10.0,2.9,2.0
12,17-ago,24.0,6.0,4.0,0.0
12,24-ago,25.0,8.0,3.1,1.0
12,31-ago,20.0,4.0,5.0,1.0
12,6-sep,26.5,8.0,3.3,4.0
12,13-sep,25.5,8.0,3.2,5.0
12,21-sep,24.5,6.0,4.1,3.0
12,28-sep,22.0,6.0,3.7,3.0
12,4-oct,0.0,0.0,0.0,0.0
12,12-oct,0.0,0.0,0.0,0.0
12,19-oct,22.0,6.0,3.7,1.0
12,26-oct,21.0,6.0,3.5,4.0
12,2-nov,23.5,6.0,3.9,5.0
12,9-nov,23.5,6.0,3.9,3.0
12,15-nov,22.0,6.0,3.7,3.0
12,23-nov,22.0,6.0,3.7,2.0
12,30-nov,28.0,8.0,3.5,1.0
12,7-dic,22.0,6.0,3.7,4.0
12,14-dic,22.0,6.0,3.7,4.0
12,22-dic,20.5,4.0,5.1,5.0
12,28-dic,21.0,6.0,3.5,3.0
13,5-ene,0.0,0.0,0.0,2.0
13,12-ene,0.0,0.0,0.0,2.0
13,19-ene,0.0,0.0,0.0,3.0
13,26-ene,0.0,0.0,0.0,4.0
13,2-feb,0.0,0.0,0.0,5.0
13,9-feb,0.0,0.0,0.0,3.0
13,16-feb,0.0,0.0,0.0,2.0
13,23-feb,0.0,0.0,0.0,1.0
13,2-mar,0.0,0.0,0.0,0.0
13,9-mar,25.5,8.0,3.2,0.0
13,17-mar,26.0,8.0,3.3,0.0
13,23-mar,27.0,8.0,3.4,0.0
13,30-mar,27.5,8.0,3.4,0.0
13,6-abr,30.0,10.0,3.0,1.0
13,14-abr,28.0,8.0,3.5,1.0
13,20-abr,24.0,6.0,4.0,4.0
13,27-abr,27.0,8.0,3.4,5.0
13,4-may,25.5,8.0,3.2,5.0
13,11-may,25.5,8.0,3.2,3.0
13,18-may,25.5,8.0,3.2,2.0
13,25-may,27.0,8.0,3.4,1.0
13,1-jun,26.0,8.0,3.3,1.0
13,8-jun,27.0,8.0,3.4,4.0
13,15-jun,26.5,8.0,3.3,5.0
13,23-jun,26.5,8.0,3.3,3.0
13,26-jun,25.5,8.0,3.2,0.0
13,1-jul,27.0,8.0,3.4,2.0
13,6-jul,24.5,6.0,4.1,2.0
13,13-jul,24.0,6.0,4.0,1.0
13,20-jul,25.0,6.0,4.2,4.0
13,27-jul,24.0,6.0,4.0,5.0
13,3-ago,25.0,8.0,3.1,3.0
13,10-ago,25.0,8.0,3.1,2.0
13,17-ago,25.0,8.0,3.1,0.0
13,24-ago,24.0,6.0,4.0,1.0
13,31-ago,23.5,6.0,3.9,1.0
13,6-sep,22.5,6.0,3.8,4.0
13,13-sep,23.0,6.0,3.8,5.0
13,21-sep,22.5,6.0,3.8,3.0
13,28-sep,22.5,6.0,3.8,3.0
13,4-oct,18.0,4.0,4.5,2.0
13,12-oct,17.5,4.0,4.4,1.0
13,19-oct,23.5,6.0,3.9,1.0
13,26-oct,21.0,6.0,3.5,4.0
13,2-nov,20.0,4.0,5.0,5.0
13,9-nov,20.0,4.0,5.0,3.0
13,15-nov,19.5,4.0,4.9,3.0
13,23-nov,17.0,4.0,4.3,0.0
13,30-nov,16.0,0.0,0.0,1.0
13,7-dic,15.0,2.0,7.5,4.0
13,14-dic,19.0,0.0,0.0,4.0
13,22-dic,0.0,0.0,0.0,0.0
13,28-dic,0.0,0.0,0.0,0.0
14,5-ene,18.0,4.0,4.5,2.0
14,12-ene,17.5,4.0,4.375,2.0
14,19-ene,19.0,4.0,4.75,3.0
14,26-ene,18.0,4.0,4.5,4.0
14,2-feb,18.0,4.0,4.5,5.0
14,9-feb,17.0,4.0,4.25,3.0
14,16-feb,17.0,4.0,4.3,2.0
14,23-feb,17.5,4.0,4.4,1.0
14,2-mar,16.0,2.0,8.0,0.0
14,9-mar,14.5,2.0,7.3,0.0
14,17-mar,14.0,2.0,7.0,0.0
14,23-mar,16.0,4.0,4.0,0.0
14,30-mar,14.0,4.0,3.5,0.0
14,6-abr,17.5,4.0,4.4,1.0
14,14-abr,15.5,2.0,7.8,1.0
14,20-abr,14.0,2.0,7.0,4.0
14,27-abr,13.5,2.0,6.8,5.0
14,4-may,14.0,2.0,7.0,5.0
14,11-may,14.5,4.0,3.6,3.0
14,18-may,12.5,2.0,6.3,2.0
14,25-may,12.5,2.0,6.3,1.0
14,1-jun,12.5,2.0,6.3,1.0
14,8-jun,11.0,0.0,0.0,4.0
14,15-jun,11.0,0.0,0.0,5.0
14,23-jun,15.0,2.0,7.5,3.0
14,26-jun,10.5,2.0,5.3,0.0
14,1-jul,10.5,2.0,5.3,2.0
14,6-jul,10.5,2.0,5.3,2.0
14,13-jul,10.0,2.0,5.0,1.0
14,20-jul,7.5,2.0,3.8,4.0
14,27-jul,8.5,0.0,0.0,5.0
14,3-ago,0.0,0.0,0.0,3.0
14,10-ago,0.0,0.0,0.0,2.0
14,17-ago,0.0,0.0,0.0,0.0
14,24-ago,0.0,0.0,0.0,1.0
14,31-ago,0.0,0.0,0.0,1.0
14,6-sep,0.0,0.0,0.0,4.0
14,13-sep,0.0,0.0,0.0,5.0
14,21-sep,0.0,0.0,0.0,0.0
14,28-sep,0.0,0.0,0.0,0.0
14,4-oct,25.5,8.0,3.2,2.0
14,12-oct,26.5,8.0,3.3,1.0
14,19-oct,0.0,0.0,0.0,0.0
14,26-oct,0.0,0.0,0.0,0.0
14,2-nov,0.0,0.0,0.0,0.0
14,9-nov,0.0,0.0,0.0,0.0
14,15-nov,0.0,0.0,0.0,0.0
14,23-nov,0.0,0.0,0.0,2.0
14,30-nov,0.0,10.0,0.0,1.0
14,7-dic,26.0,8.0,3.3,4.0
14,14-dic,30.0,8.0,3.8,4.0
14,22-dic,32.5,10.0,3.3,5.0
14,28-dic,37.5,10.0,3.8,3.0
15,5-ene,0.0,0.0,0.0,2.0
15,12-ene,0.0,0.0,0.0,2.0
15,19-ene,0.0,0.0,0.0,3.0
15,26-ene,0.0,0.0,0.0,4.0
15,2-feb,0.0,0.0,0.0,5.0
15,9-feb,41.0,10.0,4.1,3.0
15,16-feb,46.5,12.0,3.9,2.0
15,23-feb,51.0,12.0,4.3,1.0
15,2-mar,51.0,12.0,4.3,0.0
15,9-mar,52.5,12.0,4.4,0.0
15,17-mar,42.0,12.0,3.5,0.0
15,23-mar,48.0,12.0,4.0,0.0
15,30-mar,45.5,12.0,3.8,0.0
15,6-abr,45.5,12.0,3.8,1.0
15,14-abr,42.0,10.0,4.2,1.0
15,20-abr,41.0,10.0,4.1,4.0
15,27-abr,40.5,10.0,4.1,5.0
15,4-may,37.5,10.0,3.8,5.0
15,11-may,37.5,10.0,3.8,3.0
15,18-may,37.0,10.0,3.7,2.0
15,25-may,36.5,10.0,3.7,1.0
15,1-jun,35.5,10.0,3.6,1.0
15,8-jun,32.5,8.0,4.1,4.0
15,15-jun,32.5,10.0,3.3,5.0
15,23-jun,30.0,10.0,3.0,3.0
15,26-jun,31.0,10.0,3.1,0.0
15,1-jul,30.5,10.0,3.1,2.0
15,6-jul,30.0,10.0,3.0,2.0
15,13-jul,30.0,10.0,3.0,1.0
15,20-jul,23.5,10.0,2.4,4.0
15,27-jul,28.5,8.0,3.6,5.0
15,3-ago,26.5,8.0,3.3,3.0
15,10-ago,26.0,8.0,3.3,2.0
15,17-ago,22.0,6.0,3.7,0.0
15,24-ago,26.5,8.0,3.3,1.0
15,31-ago,25.0,8.0,3.1,1.0
15,6-sep,21.0,6.0,3.5,4.0
15,13-sep,21.5,6.0,3.6,5.0
15,21-sep,22.5,6.0,3.8,3.0
15,28-sep,20.5,4.0,5.1,3.0
15,4-oct,19.5,4.0,4.9,2.0
15,12-oct,17.0,4.0,4.3,1.0
15,19-oct,17.0,4.0,4.3,1.0
15,26-oct,16.0,2.0,8.0,4.0
15,2-nov,15.5,2.0,7.8,5.0
15,9-nov,15.0,2.0,7.5,3.0
15,15-nov,12.5,2.0,6.3,3.0
15,23-nov,14.0,2.0,7.0,2.0
15,30-nov,11.0,2.0,5.5,1.0
15,7-dic,12.0,2.0,6.0,4.0
15,14-dic,10.5,2.0,5.3,4.0
15,22-dic,10.5,2.0,5.3,5.0
15,28-dic,10.0,2.0,5.0,3.0
16,5-ene,0.0,0.0,0.0,2.0
16,12-ene,0.0,0.0,0.0,2.0
16,19-ene,0.0,0.0,0.0,3.0
16,26-ene,0.0,0.0,0.0,4.0
16,2-feb,0.0,0.0,0.0,5.0
16,9-feb,0.0,0.0,0.0,3.0
16,16-feb,0.0,0.0,0.0,2.0
16,23-feb,23.0,6.0,3.8,1.0
16,2-mar,34.0,10.0,3.4,0.0
16,9-mar,32.5,10.0,3.3,0.0
16,17-mar,36.5,10.0,3.7,0.0
16,23-mar,34.5,12.0,2.9,0.0
16,30-mar,36.0,12.0,3.0,0.0
16,6-abr,37.5,10.0,3.8,1.0
16,14-abr,31.0,10.0,3.1,1.0
16,20-abr,35.5,10.0,3.6,4.0
16,27-abr,34.0,10.0,3.4,5.0
16,4-may,35.0,10.0,3.5,5.0
16,11-may,36.5,10.0,3.7,3.0
16,18-may,33.5,10.0,3.4,2.0
16,25-may,35.0,10.0,3.5,1.0
16,1-jun,32.5,10.0,3.3,1.0
16,8-jun,34.5,8.0,4.3,4.0
16,15-jun,29.0,10.0,2.9,5.0
16,23-jun,34.5,10.0,3.5,3.0
16,26-jun,32.5,10.0,3.3,0.0
16,1-jul,31.0,10.0,3.1,2.0
16,6-jul,32.0,10.0,3.2,2.0
16,13-jul,27.5,8.0,3.4,1.0
16,20-jul,31.0,8.0,3.9,4.0
16,27-jul,27.0,8.0,3.4,5.0
16,3-ago,24.0,6.0,4.0,3.0
16,10-ago,28.0,8.0,3.5,2.0
16,17-ago,24.5,6.0,4.1,0.0
16,24-ago,27.6,8.0,3.5,1.0
16,31-ago,25.0,8.0,3.1,1.0
16,6-sep,27.5,8.0,3.4,4.0
16,13-sep,27.0,8.0,3.4,5.0
16,21-sep,24.0,6.0,4.0,3.0
16,28-sep,23.0,6.0,3.8,3.0
16,4-oct,22.5,6.0,3.8,2.0
16,12-oct,23.0,6.0,3.8,1.0
16,19-oct,24.0,6.0,4.0,1.0
16,26-oct,22.5,6.0,3.8,4.0
16,2-nov,22.0,6.0,3.7,5.0
16,9-nov,23.0,6.0,3.8,3.0
16,15-nov,22.5,6.0,3.8,3.0
16,23-nov,21.0,6.0,3.5,2.0
16,30-nov,19.5,4.0,4.9,1.0
16,7-dic,19.0,4.0,4.8,4.0
16,14-dic,22.5,4.0,5.6,4.0
16,22-dic,21.5,6.0,3.6,5.0
16,28-dic,21.0,6.0,3.5,3.0
17,5-ene,0.0,0.0,0.0,2.0
17,12-ene,0.0,0.0,0.0,2.0
17,19-ene,0.0,0.0,0.0,3.0
17,26-ene,0.0,0.0,0.0,4.0
17,2-feb,0.0,0.0,0.0,5.0
17,9-feb,0.0,0.0,0.0,3.0
17,16-feb,0.0,0.0,0.0,2.0
17,23-feb,26.0,8.0,3.3,1.0
17,2-mar,26.5,8.0,3.3,0.0
17,9-mar,35.5,10.0,3.6,0.0
17,17-mar,38.0,10.0,3.8,0.0
17,23-mar,39.5,12.0,3.3,0.0
17,30-mar,41.5,12.0,3.5,0.0
17,6-abr,41.0,12.0,3.4,1.0
17,14-abr,42.0,10.0,4.2,1.0
17,20-abr,41.0,10.0,4.1,4.0
17,27-abr,41.0,10.0,4.1,5.0
17,4-may,37.0,10.0,3.7,5.0
17,11-may,37.5,10.0,3.8,3.0
17,18-may,37.0,10.0,3.7,2.0
17,25-may,36.5,10.0,3.7,1.0
17,1-jun,35.0,10.0,3.5,1.0
17,8-jun,32.0,8.0,4.0,4.0
17,15-jun,30.0,10.0,3.0,5.0
17,23-jun,30.0,10.0,3.0,3.0
17,26-jun,28.0,10.0,2.8,0.0
17,1-jul,29.0,8.0,3.6,2.0
17,6-jul,29.5,10.0,3.0,2.0
17,13-jul,26.0,8.0,3.3,1.0
17,20-jul,25.0,8.0,3.1,0.0
17,27-jul,25.5,8.0,3.2,5.0
17,3-ago,23.5,6.0,3.9,3.0
17,10-ago,24.5,6.0,4.1,2.0
17,17-ago,24.0,6.0,4.0,0.0
17,24-ago,23.0,6.0,3.8,1.0
17,31-ago,21.0,6.0,3.5,1.0
17,6-sep,21.0,6.0,3.5,4.0
17,13-sep,25.0,8.0,3.1,5.0
17,21-sep,21.5,6.0,3.6,3.0
17,28-sep,20.0,4.0,5.0,3.0
17,4-oct,23.0,6.0,3.8,2.0
17,12-oct,24.5,6.0,4.1,1.0
17,19-oct,17.0,4.0,4.3,1.0
17,26-oct,16.0,2.0,8.0,4.0
17,2-nov,15.0,2.0,7.5,5.0
17,9-nov,15.5,2.0,7.8,3.0
17,15-nov,14.0,2.0,7.0,3.0
17,23-nov,12.0,2.0,6.0,2.0
17,30-nov,14.0,2.0,7.0,1.0
17,7-dic,14.5,2.0,7.3,4.0
17,14-dic,16.5,2.0,8.3,4.0
17,22-dic,15.0,2.0,7.5,5.0
17,28-dic,15.0,2.0,7.5,3.0
18,5-ene,10.0,0.0,0.0,2.0
18,12-ene,10.0,0.0,0.0,2.0
18,19-ene,0.0,0.0,0.0,3.0
18,26-ene,0.0,0.0,0.0,4.0
18,2-feb,0.0,0.0,0.0,5.0
18,9-feb,0.0,0.0,0.0,3.0
18,16-feb,0.0,0.0,0.0,2.0
18,23-feb,0.0,0.0,0.0,1.0
18,2-mar,0.0,0.0,0.0,0.0
18,9-mar,0.0,0.0,0.0,0.0
18,17-mar,0.0,0.0,0.0,0.0
18,23-mar,22.0,10.0,2.2,0.0
18,30-mar,27.5,8.0,3.4,0.0
18,6-abr,31.0,10.0,3.1,1.0
18,14-abr,23.5,6.0,3.9,1.0
18,20-abr,29.9,10.0,3.0,4.0
18,27-abr,32.5,10.0,3.3,5.0
18,4-may,20.5,4.0,5.1,5.0
18,11-may,25.5,8.0,3.2,3.0
18,18-may,24.5,6.0,4.1,2.0
18,25-may,29.0,10.0,2.9,1.0
18,1-jun,28.5,8.0,3.6,1.0
18,8-jun,30.0,8.0,3.8,4.0
18,15-jun,26.5,8.0,3.3,5.0
18,23-jun,28.5,8.0,3.6,3.0
18,26-jun,28.0,8.0,3.5,0.0
18,1-jul,28.5,8.0,3.6,2.0
18,6-jul,25.5,8.0,3.2,2.0
18,13-jul,27.0,8.0,3.4,1.0
18,20-jul,27.5,8.0,3.4,4.0
18,27-jul,27.5,8.0,3.4,5.0
18,3-ago,22.0,6.0,3.7,3.0
18,10-ago,27.0,8.0,3.4,2.0
18,17-ago,24.0,6.0,4.0,0.0
18,24-ago,25.5,8.0,3.2,1.0
18,31-ago,26.5,8.0,3.3,1.0
18,6-sep,22.5,6.0,3.8,4.0
18,13-sep,25.0,8.0,3.1,5.0
18,21-sep,25.5,8.0,3.2,3.0
18,28-sep,24.0,6.0,4.0,3.0
18,4-oct,16.0,2.0,8.0,2.0
18,12-oct,16.0,4.0,4.0,1.0
18,19-oct,21.5,6.0,3.6,1.0
18,26-oct,23.0,6.0,3.8,4.0
18,2-nov,23.5,6.0,3.9,5.0
18,9-nov,22.0,6.0,3.7,3.0
18,15-nov,22.0,6.0,3.7,3.0
18,23-nov,20.0,6.0,3.3,2.0
18,30-nov,19.0,4.0,4.8,1.0
18,7-dic,20.5,4.0,5.1,4.0
18,14-dic,21.5,4.0,5.4,4.0
18,22-dic,22.0,6.0,3.7,5.0
18,28-dic,21.0,6.0,3.5,3.0
19,5-ene,33.0,10.0,3.3,2.0
19,12-ene,31.5,10.0,3.2,2.0
19,19-ene,34.0,10.0,3.4,3.0
19,26-ene,32.5,10.0,3.3,4.0
19,2-feb,31.0,10.0,3.1,5.0
19,9-feb,31.5,10.0,3.2,3.0
19,16-feb,29.0,10.0,2.9,2.0
19,23-feb,31.0,10.0,3.1,1.0
19,2-mar,31.5,10.0,3.2,0.0
19,9-mar,30.0,10.0,3.0,0.0
19,17-mar,29.0,10.0,2.9,0.0
19,23-mar,30.0,10.0,3.0,0.0
19,30-mar,28.0,8.0,3.5,0.0
19,6-abr,28.5,8.0,3.6,1.0
19,14-abr,28.5,8.0,3.6,1.0
19,20-abr,25.5,8.0,3.2,4.0
19,27-abr,25.5,8.0,3.2,5.0
19,4-may,26.5,8.0,3.3,5.0
19,11-may,25.0,8.0,3.1,3.0
19,18-may,24.5,6.0,4.1,2.0
19,25-may,23.0,6.0,3.8,1.0
19,1-jun,24.0,6.0,4.0,1.0
19,8-jun,23.0,6.0,3.8,4.0
19,15-jun,20.0,4.0,5.0,5.0
19,23-jun,21.0,6.0,3.5,3.0
19,26-jun,19.0,6.0,3.2,0.0
19,1-jul,18.5,4.0,4.6,2.0
19,6-jul,19.0,4.0,4.8,2.0
19,13-jul,19.0,4.0,4.8,1.0
19,20-jul,18.0,4.0,4.5,4.0
19,27-jul,18.0,4.0,4.5,5.0
19,3-ago,16.0,0.0,0.0,3.0
19,10-ago,18.0,4.0,4.5,2.0
19,17-ago,0.0,0.0,0.0,0.0
19,24-ago,0.0,0.0,0.0,1.0
19,31-ago,0.0,0.0,0.0,1.0
19,6-sep,0.0,0.0,0.0,4.0
19,13-sep,0.0,0.0,0.0,5.0
19,21-sep,15.0,2.0,7.5,3.0
19,28-sep,21.0,6.0,3.5,3.0
19,4-oct,21.0,6.0,3.5,2.0
19,12-oct,22.0,6.0,3.7,1.0
19,19-oct,22.0,6.0,3.7,1.0
19,26-oct,24.5,6.0,4.1,4.0
19,2-nov,22.0,6.0,3.7,5.0
19,9-nov,23.5,6.0,3.9,3.0
19,15-nov,22.5,6.0,3.8,3.0
19,23-nov,19.5,6.0,3.3,2.0
19,30-nov,18.5,4.0,4.6,1.0
19,7-dic,20.5,4.0,5.1,4.0
19,14-dic,22.5,4.0,5.6,4.0
19,22-dic,20.0,4.0,5.0,5.0
19,28-dic,20.0,4.0,5.0,3.0
20,5-ene,22.0,6.0,3.7,2.0
20,12-ene,22.5,6.0,3.8,2.0
20,19-ene,25.5,8.0,3.2,3.0
20,26-ene,24.0,6.0,4.0,4.0
20,2-feb,22.0,6.0,3.7,5.0
20,9-feb,21.5,6.0,3.6,3.0
20,16-feb,21.0,6.0,3.5,2.0
20,23-feb,23.0,6.0,3.8,1.0
20,2-mar,21.0,6.0,3.5,0.0
20,9-mar,22.0,6.0,3.7,0.0
20,17-mar,20.5,4.0,5.1,0.0
20,23-mar,24.0,6.0,4.0,0.0
20,30-mar,18.0,4.0,4.5,0.0
20,6-abr,22.0,6.0,3.7,1.0
20,14-abr,21.0,6.0,3.5,1.0
20,20-abr,19.5,4.0,4.9,4.0
20,27-abr,21.5,6.0,3.6,5.0
20,4-may,20.0,4.0,5.0,5.0
20,11-may,20.0,4.0,5.0,3.0
20,18-may,17.0,4.0,4.3,2.0
20,25-may,19.5,4.0,4.9,1.0
20,1-jun,18.0,4.0,4.5,1.0
20,8-jun,17.0,4.0,4.3,4.0
20,15-jun,18.0,4.0,4.5,5.0
20,23-jun,17.0,4.0,4.3,3.0
20,26-jun,17.5,4.0,4.4,0.0
20,1-jul,15.5,2.0,7.8,2.0
20,6-jul,17.5,4.0,4.4,2.0
20,13-jul,16.5,4.0,4.1,1.0
20,20-jul,15.5,4.0,3.9,4.0
20,27-jul,15.0,2.0,7.5,5.0
20,3-ago,15.0,2.0,7.5,3.0
20,10-ago,16.5,4.0,4.1,2.0
20,17-ago,16.0,4.0,4.0,0.0
20,24-ago,16.5,4.0,4.1,1.0
20,31-ago,14.5,2.0,7.3,1.0
20,6-sep,14.0,2.0,7.0,4.0
20,13-sep,15.0,2.0,7.5,5.0
20,21-sep,15.0,2.0,7.5,3.0
20,28-sep,14.0,2.0,7.0,3.0
20,4-oct,0.0,0.0,0.0,0.0
20,12-oct,18.5,4.0,4.6,1.0
20,19-oct,13.0,2.0,6.5,0.0
20,26-oct,14.5,2.0,7.3,4.0
20,2-nov,13.5,2.0,6.8,5.0
20,9-nov,14.5,4.0,3.6,3.0
20,15-nov,13.0,0.0,0.0,3.0
20,23-nov,13.0,0.0,0.0,2.0
20,30-nov,10.0,2.0,5.0,1.0
20,7-dic,0.0,0.0,0.0,0.0
20,14-dic,0.0,0.0,0.0,0.0
20,22-dic,0.0,0.0,0.0,0.0
20,28-dic,0.0,0.0,0.0,0.0
21,5-ene,21.0,6.0,3.5,2.0
21,12-ene,20.5,6.0,3.4,2.0
21,19-ene,20.5,4.0,5.1,3.0
21,26-ene,19.0,4.0,4.8,4.0
21,2-feb,19.5,4.0,4.9,5.0
21,9-feb,18.0,4.0,4.5,3.0
21,16-feb,16.0,2.0,8.0,2.0
21,23-feb,15.5,2.0,7.8,1.0
21,2-mar,14.5,2.0,7.3,0.0
21,9-mar,12.0,2.0,6.0,0.0
21,17-mar,11.0,2.0,5.5,0.0
21,23-mar,11.5,0.0,0.0,0.0
21,30-mar,0.0,0.0,0.0,0.0
21,6-abr,0.0,0.0,0.0,0.0
21,14-abr,0.0,0.0,0.0,0.0
21,20-abr,0.0,0.0,0.0,0.0
21,27-abr,0.0,0.0,0.0,0.0
21,4-may,0.0,0.0,0.0,0.0
21,11-may,0.0,0.0,0.0,0.0
21,18-may,0.0,0.0,0.0,0.0
21,25-may,15.0,8.0,1.9,1.0
21,1-jun,21.5,6.0,3.6,1.0
21,8-jun,23.5,6.0,3.9,4.0
21,15-jun,25.0,8.0,3.1,5.0
21,23-jun,26.5,8.0,3.3,3.0
21,26-jun,27.5,8.0,3.4,0.0
21,1-jul,27.5,8.0,3.4,2.0
21,6-jul,26.5,8.0,3.3,2.0
21,13-jul,28.0,8.0,3.5,1.0
21,20-jul,24.0,8.0,3.0,4.0
21,27-jul,25.0,8.0,3.1,5.0
21,3-ago,28.5,8.0,3.6,3.0
21,10-ago,25.0,8.0,3.1,2.0
21,17-ago,24.5,8.0,3.1,0.0
21,24-ago,24.5,6.0,4.1,1.0
21,31-ago,22.0,6.0,3.7,1.0
21,6-sep,16.0,2.0,8.0,4.0
21,13-sep,21.5,6.0,3.6,5.0
21,21-sep,21.0,6.0,3.5,3.0
21,28-sep,20.5,4.0,5.1,3.0
21,4-oct,18.5,4.0,4.6,2.0
21,12-oct,0.0,0.0,0.0,0.0
21,19-oct,21.0,6.0,3.5,1.0
21,26-oct,20.0,4.0,5.0,4.0
21,2-nov,18.0,4.0,4.5,5.0
21,9-nov,18.5,4.0,4.6,3.0
21,15-nov,18.5,4.0,4.6,3.0
21,23-nov,19.5,4.0,4.9,2.0
21,30-nov,19.0,4.0,4.8,1.0
21,7-dic,16.5,4.0,4.1,4.0
21,14-dic,16.0,4.0,4.0,4.0
21,22-dic,16.0,2.0,8.0,5.0
21,28-dic,18.0,4.0,4.5,3.0
22,5-ene,0.0,0.0,0.0,2.0
22,12-ene,0.0,0.0,0.0,2.0
22,19-ene,0.0,0.0,0.0,3.0
22,26-ene,0.0,0.0,0.0,4.0
22,2-feb,10.0,0.0,0.0,5.0
22,9-feb,21.0,8.0,2.6,3.0
22,16-feb,19.0,4.0,4.8,2.0
22,23-feb,26.0,8.0,3.3,1.0
22,2-mar,24.0,6.0,4.0,0.0
22,9-mar,25.5,8.0,3.2,0.0
22,17-mar,25.0,8.0,3.1,0.0
22,23-mar,26.5,8.0,3.3,0.0
22,30-mar,22.5,6.0,3.8,0.0
22,6-abr,25.0,8.0,3.1,1.0
22,14-abr,24.5,6.0,4.1,1.0
22,20-abr,23.5,6.0,3.9,4.0
22,27-abr,25.0,8.0,3.1,5.0
22,4-may,22.0,6.0,3.7,5.0
22,11-may,24.5,6.0,4.1,3.0
22,18-may,24.0,6.0,4.0,2.0
22,25-may,23.0,6.0,3.8,1.0
22,1-jun,23.5,6.0,3.9,1.0
22,8-jun,23.5,6.0,3.9,4.0
22,15-jun,21.5,6.0,3.6,5.0
22,23-jun,23.0,6.0,3.8,3.0
22,26-jun,22.5,6.0,3.8,0.0
22,1-jul,21.5,6.0,3.6,2.0
22,6-jul,19.0,4.0,4.8,2.0
22,13-jul,22.0,6.0,3.7,1.0
22,20-jul,21.5,6.0,3.6,4.0
22,27-jul,21.0,6.0,3.5,5.0
22,3-ago,22.0,6.0,3.7,3.0
22,10-ago,22.5,6.0,3.8,2.0
22,17-ago,20.5,4.0,5.1,0.0
22,24-ago,23.0,6.0,3.8,1.0
22,31-ago,22.0,6.0,3.7,1.0
22,6-sep,20.5,4.0,5.1,4.0
22,13-sep,21.0,6.0,3.5,5.0
22,21-sep,20.0,4.0,5.0,3.0
22,28-sep,27.5,8.0,3.4,3.0
22,4-oct,22.0,6.0,3.7,2.0
22,12-oct,21.5,6.0,3.6,1.0
22,19-oct,20.5,4.0,5.1,1.0
22,26-oct,19.5,4.0,4.9,4.0
22,2-nov,17.5,4.0,4.4,5.0
22,9-nov,18.0,4.0,4.5,3.0
22,15-nov,17.0,4.0,4.3,3.0
22,23-nov,18.0,4.0,4.5,2.0
22,30-nov,14.0,2.0,7.0,1.0
22,7-dic,17.0,4.0,4.3,4.0
22,14-dic,17.5,4.0,4.4,4.0
22,22-dic,13.5,2.0,6.8,5.0
22,28-dic,16.0,4.0,4.0,3.0
23,5-ene,18.0,4.0,4.5,2.0
23,12-ene,20.0,4.0,5.0,2.0
23,19-ene,23.0,6.0,3.8,3.0
23,26-ene,23.0,6.0,3.8,4.0
23,2-feb,21.5,6.0,3.6,5.0
23,9-feb,22.0,6.0,3.7,3.0
23,16-feb,21.0,6.0,3.5,2.0
23,23-feb,23.0,6.0,3.8,1.0
23,2-mar,22.0,6.0,3.7,0.0
23,9-mar,22.5,6.0,3.8,0.0
23,17-mar,21.0,4.0,5.3,0.0
23,23-mar,23.0,6.0,3.8,0.0
23,30-mar,19.0,4.0,4.8,0.0
23,6-abr,21.5,6.0,3.6,1.0
23,14-abr,20.0,4.0,5.0,1.0
23,20-abr,19.0,4.0,4.8,4.0
23,27-abr,20.0,4.0,5.0,5.0
23,4-may,17.5,4.0,4.4,5.0
23,11-may,19.5,4.0,4.9,3.0
23,18-may,16.5,4.0,4.1,2.0
23,25-may,17.5,4.0,4.4,1.0
23,1-jun,17.0,4.0,4.3,1.0
23,8-jun,15.0,4.0,3.8,4.0
23,15-jun,15.0,4.0,3.8,5.0
23,23-jun,14.0,2.0,7.0,3.0
23,26-jun,13.5,2.0,6.8,0.0
23,1-jul,13.5,2.0,6.8,2.0
23,6-jul,13.5,2.0,6.8,2.0
23,13-jul,13.0,2.0,6.5,1.0
23,20-jul,12.5,2.0,6.3,4.0
23,27-jul,12.0,2.0,6.0,5.0
23,3-ago,11.0,2.0,5.5,3.0
23,10-ago,8.5,0.0,0.0,2.0
23,17-ago,7.0,0.0,0.0,0.0
23,24-ago,6.0,0.0,0.0,1.0
23,31-ago,0.0,0.0,0.0,1.0
23,6-sep,0.0,0.0,0.0,4.0
23,13-sep,0.0,0.0,0.0,5.0
23,21-sep,0.0,0.0,0.0,0.0
23,28-sep,0.0,0.0,0.0,0.0
23,4-oct,0.0,0.0,0.0,0.0
23,12-oct,0.0,0.0,0.0,0.0
23,19-oct,0.0,0.0,0.0,0.0
23,26-oct,0.0,0.0,0.0,0.0
23,2-nov,25.5,8.0,3.2,5.0
23,9-nov,32.5,10.0,3.3,3.0
23,15-nov,29.5,10.0,3.0,3.0
23,23-nov,28.5,10.0,2.9,2.0
23,30-nov,30.0,10.0,3.0,1.0
23,7-dic,30.0,10.0,3.0,4.0
23,14-dic,29.5,10.0,3.0,4.0
23,22-dic,31.0,10.0,3.1,5.0
23,28-dic,33.0,10.0,3.3,3.0
27,5-ene,0.0,0.0,0.0,0.0
27,12-ene,0.0,0.0,0.0,0.0
27,19-ene,0.0,0.0,0.0,0.0
27,26-ene,0.0,0.0,0.0,0.0
27,2-feb,0.0,0.0,0.0,0.0
27,9-feb,0.0,0.0,0.0,0.0
27,16-feb,0.0,0.0,0.0,0.0
27,23-feb,0.0,0.0,0.0,0.0
27,2-mar,0.0,0.0,0.0,0.0
27,9-mar,0.0,0.0,0.0,0.0
27,17-mar,0.0,0.0,0.0,0.0
27,23-mar,0.0,0.0,0.0,0.0
27,30-mar,0.0,0.0,0.0,0.0
27,6-abr,0.0,0.0,0.0,0.0
27,14-abr,0.0,0.0,0.0,0.0
27,20-abr,0.0,0.0,0.0,0.0
27,27-abr,0.0,0.0,0.0,0.0
27,4-may,0.0,0.0,0.0,0.0
27,11-may,0.0,0.0,0.0,0.0
27,18-may,0.0,0.0,0.0,0.0
27,25-may,0.0,0.0,0.0,0.0
27,1-jun,0.0,0.0,0.0,0.0
27,8-jun,0.0,0.0,0.0,0.0
27,15-jun,0.0,0.0,0.0,0.0
27,23-jun,0.0,0.0,0.0,0.0
27,26-jun,0.0,0.0,0.0,0.0
27,1-jul,0.0,0.0,0.0,0.0
27,6-jul,0.0,0.0,0.0,0.0
27,13-jul,0.0,0.0,0.0,0.0
27,20-jul,0.0,0.0,0.0,0.0
27,27-jul,0.0,0.0,0.0,0.0
27,3-ago,0.0,0.0,0.0,0.0
27,10-ago,0.0,0.0,0.0,0.0
27,17-ago,0.0,0.0,0.0,0.0
27,24-ago,0.0,0.0,0.0,0.0
27,31-ago,0.0,0.0,0.0,0.0
27,6-sep,0.0,0.0,0.0,0.0
27,13-sep,0.0,0.0,0.0,0.0
27,21-sep,0.0,0.0,0.0,0.0
27,28-sep,0.0,0.0,0.0,0.0
27,4-oct,0.0,0.0,0.0,0.0
27,12-oct,0.0,0.0,0.0,0.0
27,19-oct,0.0,0.0,0.0,0.0
27,26-oct,0.0,0.0,0.0,0.0
27,2-nov,0.0,0.0,0.0,0.0
27,9-nov,0.0,0.0,0.0,0.0
27,15-nov,0.0,0.0,0.0,0.0
27,23-nov,20.0,6.0,3.3,2.0
27,30-nov,28.0,8.0,3.5,1.0
27,7-dic,25.0,8.0,3.1,4.0
27,14-dic,22.5,8.0,2.8,4.0
27,22-dic,30.5,10.0,3.1,5.0
27,28-dic,27.0,10.0,2.7,3.0
24,5-ene,13.5,2.0,6.8,2.0
24,12-ene,13.5,2.0,6.8,2.0
24,19-ene,14.0,2.0,7.0,3.0
24,26-ene,12.0,2.0,6.0,4.0
24,2-feb,11.5,2.0,5.8,5.0
24,9-feb,11.5,2.0,5.8,3.0
24,16-feb,10.5,2.0,5.3,2.0
24,23-feb,10.5,2.0,5.3,1.0
24,2-mar,10.5,2.0,5.3,0.0
24,9-mar,9.0,0.0,0.0,0.0
24,17-mar,9.0,0.0,0.0,0.0
24,23-mar,9.0,0.0,0.0,0.0
24,30-mar,8.0,0.0,0.0,0.0
24,6-abr,9.0,0.0,0.0,1.0
24,14-abr,7.5,0.0,0.0,1.0
24,20-abr,8.0,0.0,0.0,4.0
24,27-abr,8.0,2.0,4.0,5.0
24,4-may,8.0,0.0,0.0,5.0
24,11-may,8.0,2.0,4.0,3.0
24,18-may,8.0,0.0,0.0,2.0
24,25-may,8.0,0.0,0.0,1.0
24,1-jun,8.0,0.0,0.0,1.0
24,8-jun,8.0,0.0,0.0,4.0
24,15-jun,6.0,0.0,0.0,5.0
24,23-jun,6.0,0.0,0.0,3.0
24,26-jun,6.0,0.0,0.0,0.0
24,1-jul,6.0,0.0,0.0,2.0
24,6-jul,6.0,0.0,0.0,2.0
24,13-jul,0.0,0.0,0.0,1.0
24,20-jul,0.0,0.0,0.0,4.0
24,27-jul,0.0,0.0,0.0,5.0
24,3-ago,0.0,0.0,0.0,0.0
24,10-ago,0.0,0.0,0.0,0.0
24,17-ago,0.0,0.0,0.0,0.0
24,24-ago,0.0,0.0,0.0,0.0
24,31-ago,0.0,0.0,0.0,0.0
24,6-sep,0.0,0.0,0.0,0.0
24,13-sep,0.0,0.0,0.0,0.0
24,21-sep,0.0,0.0,0.0,0.0
24,28-sep,0.0,0.0,0.0,0.0
24,4-oct,0.0,0.0,0.0,0.0
24,12-oct,0.0,0.0,0.0,0.0
24,19-oct,0.0,0.0,0.0,0.0
24,26-oct,0.0,0.0,0.0,0.0
24,2-nov,0.0,0.0,0.0,0.0
24,9-nov,0.0,0.0,0.0,0.0
24,15-nov,0.0,0.0,0.0,0.0
24,23-nov,0.0,0.0,0.0,0.0
24,30-nov,0.0,0.0,0.0,0.0
24,7-dic,0.0,0.0,0.0,0.0
24,14-dic,0.0,0.0,0.0,0.0
24,22-dic,0.0,0.0,0.0,0.0
24,28-dic,0.0,0.0,0.0,0.0
25,5-ene,16.5,4.0,4.1,2.0
25,12-ene,14.5,4.0,3.6,2.0
25,19-ene,0.0,0.0,0.0,3.0
25,26-ene,0.0,0.0,0.0,4.0
25,2-feb,0.0,0.0,0.0,5.0
25,9-feb,0.0,0.0,0.0,3.0
25,16-feb,0.0,0.0,0.0,2.0
25,23-feb,0.0,0.0,0.0,1.0
25,2-mar,0.0,0.0,0.0,0.0
25,9-mar,0.0,0.0,0.0,0.0
25,17-mar,31.5,10.0,3.2,0.0
25,23-mar,37.5,12.0,3.1,0.0
25,30-mar,38.0,12.0,3.2,0.0
25,6-abr,41.5,12.0,3.5,1.0
25,14-abr,44.0,10.0,4.4,1.0
25,20-abr,40.5,10.0,4.1,4.0
25,27-abr,42.5,10.0,4.3,5.0
25,4-may,41.5,10.0,4.2,5.0
25,11-may,40.0,10.0,4.0,3.0
25,18-may,38.0,10.0,3.8,2.0
25,25-may,40.0,10.0,4.0,1.0
25,1-jun,39.0,10.0,3.9,1.0
25,8-jun,39.0,8.0,4.9,4.0
25,15-jun,34.5,10.0,3.5,5.0
25,23-jun,36.0,10.0,3.6,3.0
25,26-jun,35.5,10.0,3.6,0.0
25,1-jul,35.5,10.0,3.6,2.0
25,6-jul,35.0,10.0,3.5,2.0
25,13-jul,34.0,10.0,3.4,1.0
25,20-jul,33.0,10.0,3.3,4.0
25,27-jul,32.5,10.0,3.3,5.0
25,3-ago,30.5,10.0,3.1,3.0
25,10-ago,28.0,8.0,3.5,2.0
25,17-ago,26.0,8.0,3.3,0.0
25,24-ago,26.5,8.0,3.3,1.0
25,31-ago,25.0,8.0,3.1,1.0
25,6-sep,23.0,6.0,3.8,4.0
25,13-sep,24.0,6.0,4.0,5.0
25,21-sep,23.5,6.0,3.9,3.0
25,28-sep,23.0,6.0,3.8,3.0
25,4-oct,0.0,0.0,0.0,0.0
25,12-oct,0.0,0.0,0.0,0.0
25,19-oct,20.5,4.0,5.1,1.0
25,26-oct,18.0,4.0,4.5,4.0
25,2-nov,14.0,2.0,7.0,5.0
25,9-nov,12.0,2.0,6.0,3.0
25,15-nov,11.5,2.0,5.8,3.0
25,23-nov,8.0,2.0,4.0,2.0
25,30-nov,7.0,1.0,7.0,1.0
25,7-dic,0.0,0.0,0.0,0.0
25,14-dic,0.0,0.0,0.0,4.0
25,22-dic,0.0,0.0,0.0,0.0
25,28-dic,0.0,0.0,0.0,0.0
