Time (day),Volume (Liters),n active cows,concentrated_requirements,grass_requirements
1.0,331.8045432860857,11.0,102.63603816665714,142.78448543038826
2.0,333.732754900633,11.0,103.18367846162207,143.13410162650766
3.0,335.70206477698827,11.0,103.74324547216371,143.48572556859915
4.0,337.71247291515164,11.0,104.31473919828198,143.83935725666277
5.0,339.76397931512315,11.0,104.898159639977,144.19499669069845
6.0,341.85658397690275,11.0,105.49350679724874,144.55264387070622
7.0,343.9902869004904,11.0,106.1007806700972,144.91229879668603
8.0,346.1650880858861,11.0,106.71998125852231,145.27396146863802
9.0,348.38098753309004,11.0,107.35110856252415,145.63763188656202
10.0,350.6379852421019,11.0,107.99416258210272,146.00331005045817
11.0,352.936081212922,11.0,108.649143317258,146.37099596032633
12.0,387.25193776230543,14.0,117.33294670167125,181.1466395114687
13.0,389.31634571628473,14.0,118.01271233862103,181.42728853090128
14.0,391.4321365178871,14.0,118.61180352686583,181.80548062206685
15.0,393.5993101671128,14.0,119.22580601749085,182.1856300338803
16.0,395.8178666639614,14.0,119.85471981049612,182.5677367663415
17.0,398.08780600843323,14.0,120.4985449058816,182.95180081945063
18.0,400.4091282005282,14.0,121.15728130364732,183.33782219320761
19.0,402.78183324024627,14.0,121.83092900379329,183.7258008876124
20.0,405.2059211275874,14.0,122.51948800631948,184.11573690266502
21.0,407.6813918625518,14.0,123.2229583112259,184.5076302383655
22.0,340.26813970055895,14.0,115.30220416204321,193.32605005904085
23.0,342.37227460984417,14.0,115.8986141411022,193.86036415563737
24.0,344.5253756515058,14.0,116.5092340917768,194.39734875280115
25.0,346.7274428255436,14.0,117.134064014067,194.93700385053228
26.0,348.97847613195773,14.0,117.77310390797277,195.47932944883073
27.0,351.27847557074807,14.0,118.42635377349414,196.02432554769655
28.0,353.6274411419148,14.0,119.09381361063107,196.5719921471297
29.0,384.7662587268009,16.0,127.27413382896869,220.02336735683463
30.0,386.95596747919234,16.0,127.97076828251764,220.5022450102584
31.0,389.20042761855365,16.0,128.60622176246156,221.06083462524992
32.0,394.6793128224557,17.0,129.759530505383,233.1272513264165
33.0,396.9738415089515,17.0,130.4269365810767,233.67399391497887
34.0,399.32480111101444,17.0,131.09280880589773,234.2412805068467
35.0,401.73219162864444,17.0,131.7750572824164,234.81120099944985
36.0,404.19601306184154,17.0,132.47368201063261,235.3837553927883
37.0,406.7162654106058,17.0,133.18868299054643,235.9589436868622
38.0,409.29294867493707,17.0,133.92006022215782,236.53676588167133
39.0,428.5926039521187,17.0,127.99084611982607,205.1468645706953
40.0,431.21712313426195,17.0,128.7479736669048,205.28731002633114
41.0,433.899883199401,17.0,129.50960913356283,205.44056484234844
42.0,436.6408841475356,17.0,130.28814610446616,205.59423543408099
43.0,439.4401259786659,17.0,131.08358457961484,205.74832180152887
44.0,442.2976086927918,17.0,131.89592455900888,205.90282394469207
45.0,445.2133322899134,17.0,132.72516604264814,206.0577418635706
46.0,448.18729677003074,17.0,133.57130903053286,206.21307555816446
47.0,460.0985187632236,18.0,136.59004125205817,217.8462941065902
48.0,463.0522266942946,18.0,137.47039014508746,217.96304542489543
49.0,466.06840948403084,18.0,138.3275561866843,218.1215048151504
50.0,469.1470671324322,18.0,139.2028524322658,218.28035922193789
51.0,472.28819963949877,18.0,140.09627888183186,218.4396086452581
52.0,475.4918070052305,18.0,141.00783553538258,218.5992530851108
53.0,478.7578892296274,18.0,141.93752239291788,218.75929254149617
54.0,482.08644631268936,18.0,142.88533945443788,218.91972701441412
55.0,345.5175788982981,18.0,115.0987948482264,247.7554008406942
56.0,347.78294995662725,18.0,115.7396013962861,248.264195626733
57.0,350.1055371867943,18.0,116.39701207741322,248.77493728356313
58.0,352.4853405887995,18.0,117.07102689160774,249.2876258111846
59.0,354.92236016264263,18.0,117.76164583886963,249.80226120959748
60.0,357.41659590832387,18.0,118.46886891919893,250.3188434788016
61.0,359.9680478258431,18.0,119.19269613259559,250.83737261879716
62.0,362.5767159152003,18.0,119.93312747905964,251.35784862958403
63.0,365.2426001763955,18.0,120.69016295859112,251.8802715111622
64.0,367.9657006094288,18.0,121.46380257118999,252.4046412635318
65.0,370.7460172143001,18.0,122.25404631685623,252.93095788669274
66.0,389.01793486580067,19.0,127.11901539223061,264.90448388562766
67.0,391.79820062617137,19.0,127.94280469805535,265.4016952462103
68.0,394.6392076867403,19.0,128.7496378217149,265.93541950136273
69.0,397.54095604750756,19.0,129.57409807069206,266.4710733436021
70.0,400.50344570847307,19.0,130.4161854449867,267.00865677292853
71.0,403.5266766696368,19.0,131.27589994459888,267.548169789342
72.0,406.6106489309988,19.0,132.15324156952863,268.08961239284235
73.0,409.75536249255913,19.0,133.04821031977588,268.63298458342973
74.0,412.96081735431767,19.0,133.96080619534067,269.1782863611041
75.0,416.2270135162744,19.0,134.89102919622295,269.7255177258656
76.0,419.5539509784294,19.0,135.83887932242283,270.27467867771395
77.0,422.9416297407827,19.0,136.80435657394023,270.82576921664935
78.0,464.01566186410577,21.0,147.86443045976367,294.23629407778515
79.0,467.2581895099288,21.0,148.86594507296348,294.7143908803091
80.0,470.56796041615405,21.0,149.80692659578133,295.27443247536
81.0,473.9449745827817,21.0,150.7674221127679,295.836371778387
82.0,490.74497151451527,21.0,144.10501828034282,278.6595075000976
83.0,494.1094465355058,21.0,145.10219073351234,279.0066845131866
84.0,497.54523024674046,21.0,146.0785613846038,279.3965335546715
85.0,501.0523226482195,21.0,147.0756258176041,279.7875590405654
86.0,504.6307237399427,21.0,148.09338403251328,280.1797609708682
87.0,508.2804335219105,21.0,149.13183602933142,280.57313934558
88.0,512.0014519941224,21.0,150.19098180805844,280.9676941647008
89.0,520.9922791671374,22.0,152.35860821429213,292.858755040145
90.0,524.782008934543,22.0,153.45935941430332,293.23435970620096
91.0,528.6454017467856,22.0,154.55913899280435,293.6334779103872
92.0,532.5824576038658,22.0,155.68029558691717,294.03376101558183
93.0,536.5931765057833,22.0,156.82282919664183,294.43520902178483
94.0,417.69978932507394,22.0,134.04631048664012,318.7334920009146
95.0,421.07228873493983,22.0,135.0044788621365,319.3673945422084
96.0,424.51553574386395,22.0,135.98317819087956,320.0033223413064
97.0,428.0295303518462,22.0,136.9824084728693,320.64127539820856
98.0,431.61427255888674,22.0,138.00216970810575,321.28125371291486
99.0,435.26976236498535,22.0,139.0424618965889,321.9232572854254
100.0,438.9959997701423,22.0,140.10328503831877,322.5672861157399
101.0,442.79298477435736,22.0,141.1846391332953,323.21334020385876
102.0,446.6607173776308,22.0,142.2865241815185,323.8614195497817
103.0,475.0246941910595,23.0,150.07615295747814,335.91283228567534
104.0,478.8756824756226,23.0,151.21956625424548,336.5193505457239
105.0,482.8023825239179,23.0,152.3371230544257,337.1756977746993
106.0,486.80479433594525,23.0,153.47665140844094,337.8340459221795
107.0,490.8829179117049,23.0,154.63815131629136,338.4943949881645
108.0,495.03675325119667,23.0,155.82162277797676,339.1567449726542
109.0,499.2663003544205,23.0,157.0270657934973,339.82109587564884
110.0,503.57155922137656,23.0,158.25448036285283,340.4874476971481
111.0,507.952529852065,23.0,159.50386648604345,341.1558004371521
112.0,512.4092122464854,23.0,160.77522416306925,341.8261540956609
113.0,516.941606404638,23.0,162.06855339393007,342.4985086726746
114.0,521.5497123265227,23.0,163.38385417862594,343.172864168193
115.0,556.1460603821452,24.0,161.5039461915976,303.55046340374815
116.0,560.6211992149372,24.0,162.81978672289853,303.7562531311455
117.0,565.1825675946566,24.0,164.11847201217475,304.00464519398247
118.0,569.8301655213033,24.0,165.44218111596933,304.25346053571576
119.0,574.5639929948776,24.0,166.79091403428228,304.50269915634567
120.0,579.3840500153791,24.0,168.16467076711348,304.7523610558722
121.0,584.2903365828078,24.0,169.56345131446295,305.00244623429506
122.0,589.2828526971641,24.0,170.98725567633085,305.25295469161455
123.0,594.3615983584477,24.0,172.43608385271705,305.5038864278306
124.0,599.5265735666586,24.0,173.9099358436215,305.75524144294315
125.0,604.777778321797,24.0,175.40881164904434,306.00701973695215
126.0,610.1152126238626,24.0,176.93271126898549,306.2592213098578
127.0,615.5388764728558,24.0,178.48163470344488,306.51184616165995
128.0,621.0487698687762,24.0,180.05558195242273,306.76489429235863
129.0,637.7370720619684,25.0,184.45245152964318,318.48503265181506
130.0,643.2652910784665,25.0,186.0768983123833,318.6945016180554
131.0,648.8829484259497,25.0,187.68118747097094,318.95049075832844
132.0,654.5900441044182,25.0,189.31143163321062,319.2068874448298
133.0,660.3865781138719,25.0,190.96763079910215,319.46369167755944
134.0,666.272550454311,25.0,192.64978496864563,319.7209034565174
135.0,672.2479611257354,25.0,194.35789414184103,319.9785227817037
136.0,678.3128101281449,25.0,196.0919583186884,320.2365496531182
137.0,684.4670974615399,25.0,197.85197749918768,320.49498407076095
138.0,690.71082312592,25.0,199.63795168333894,320.75382603463197
139.0,697.0439871212856,25.0,201.449880871142,321.01307554473135
140.0,703.4665894476365,25.0,203.28776506259712,321.2727326010591
141.0,709.9786301049722,25.0,205.15160425770407,321.532797203615
142.0,716.5801090932938,25.0,207.04139845646296,321.79326935239925
143.0,723.2710264126001,25.0,208.95714765887382,322.0541490474118
144.0,730.051382062892,25.0,210.8988518649366,322.3154362886527
145.0,771.1343198631138,27.0,221.95356863883114,345.45098080405535
146.0,777.9587592495194,27.0,223.94757962427562,345.67423034830665
147.0,784.876537451439,27.0,225.9280319342106,345.93851391448237
148.0,791.8876544688721,27.0,227.93557116840762,346.2031859028107
149.0,798.9921103018188,27.0,229.9701973268667,346.4682463132917
150.0,806.1899049502795,27.0,232.03191040958782,346.73369514592525
151.0,813.4810384142534,27.0,234.12071041657106,346.9995324007115
152.0,820.8655106937408,27.0,236.2365973478163,347.26575807765033
153.0,828.3433217887423,27.0,238.37957120332362,347.53237217674183
154.0,859.1521139893543,27.0,235.786156067365,309.02736459745586
155.0,866.6886972904441,27.0,237.96974347971064,308.99394179116115
156.0,874.3228425925593,27.0,240.1568599536869,308.98482406944237
157.0,882.0545498956988,27.0,242.37228892036063,308.97522800123267
158.0,889.8838191998643,27.0,244.6160303797319,308.96515358653187
159.0,719.6700919130091,27.0,207.31291279726045,348.38197694978544
160.0,725.6113079431389,27.0,209.0126606731552,348.9778587525101
161.0,731.6365798521416,27.0,210.7368015650989,349.5772479059093
162.0,737.7459076400171,27.0,212.48533547309145,350.18014440998286
163.0,743.9392913067658,27.0,214.25826239713294,350.78654826473115
164.0,750.216730852387,27.0,216.05558233722337,351.3964594701535
165.0,756.5782262768813,27.0,217.87729529336264,352.00987802625065
166.0,723.7815656306284,27.0,219.95167021099118,352.074580699551
167.0,729.9793258750788,27.0,221.72641034600832,352.79185672762657
168.0,736.2592704335278,27.0,223.5250003689479,353.51319241078573
169.0,742.6213993059755,27.0,225.34744027980977,354.2385877490283
170.0,749.0657124924218,27.0,227.1937300785941,354.9680427423545
171.0,755.5922099928665,27.0,229.06386976530075,355.7015573907645
172.0,762.2008918073097,27.0,230.95785933992985,356.439131694258
173.0,768.8917579357516,27.0,232.8756988024813,357.18076565283485
174.0,775.6648083781922,27.0,234.81738815295512,357.9264592664956
175.0,782.5200431346312,27.0,236.78292739135134,358.67621253523964
176.0,756.6883484180879,27.0,240.83192134482263,357.061885948678
177.0,763.5397821956814,27.0,242.79655871092913,357.86898353953507
178.0,770.4727070695919,27.0,244.78484479318672,358.68034535609314
179.0,663.4893914038026,27.0,225.60723921854662,380.45184130188966
180.0,669.295107467647,27.0,227.2708213853835,381.647646642799
181.0,675.1740028384895,27.0,228.9556401871112,382.8501690433727
182.0,681.1260775163298,27.0,230.66169562372963,384.059408503611
183.0,687.1513315011682,27.0,232.38898769523897,385.2753650235139
184.0,693.2497647930044,27.0,234.137516401639,386.4980386030811
185.0,699.4213773918386,27.0,235.90728174292983,387.72742924231295
186.0,705.6661692976706,27.0,237.69828371911152,388.9635369412092
187.0,711.9841405105007,27.0,239.51052233018405,390.2063616997701
188.0,718.3752910303285,27.0,241.34399757614725,391.45590351799535
189.0,724.8396208571546,27.0,243.1987094570014,392.71216239588506
190.0,731.3771299909786,27.0,245.07465797274622,393.97513833343936
191.0,737.9878184318003,27.0,246.97184312338192,395.2448313306581
192.0,744.6716861796199,27.0,248.89026490890845,396.5212413875414
193.0,751.4287332344378,27.0,250.82992332932565,397.8043685040892
194.0,630.2450323245318,27.0,227.4224656234001,424.4089287939286
195.0,580.6021131492092,27.0,224.60125255586053,430.2796827062247
196.0,586.3801491566435,27.0,226.2581332359005,431.93399386683427
197.0,592.2267770638623,27.0,227.93491928525793,433.5963758447393
198.0,598.1419968708655,27.0,229.6316107039328,435.2668286399396
199.0,604.1258085776532,27.0,231.34820749192522,436.94535225243544
200.0,610.1782121842251,27.0,233.08470964923495,438.6319466822266
201.0,616.2992076905819,27.0,234.84111717586214,440.32661192931323
202.0,622.4887950967227,27.0,236.61743007180687,442.02934799369547
203.0,628.7469744026483,27.0,238.4136483370689,443.74015487537287
204.0,635.0737456083579,27.0,240.2297719716485,445.4590325743457
205.0,641.4691087138525,27.0,242.06580097554547,447.185981090614
206.0,647.933063719131,27.0,243.92173534875994,448.9210004241779
207.0,654.4656106241944,27.0,245.79757509129175,450.664090575037
208.0,661.0667494290418,27.0,247.69332020314116,452.4152515431915
209.0,667.7364801336739,27.0,249.60897068430788,454.1744833286416
210.0,674.4748027380905,27.0,251.54452653479214,455.94178593138696
211.0,681.2817172422914,27.0,253.49998775459386,457.71715935142794
212.0,688.1572236462771,27.0,255.47535434371298,459.5006035887641
213.0,632.1756075668588,27.0,250.8960226108469,467.5888084896209
214.0,638.613517404659,27.0,252.7453613159024,469.5560884929362
215.0,645.116701983583,27.0,254.613642750832,471.53241821701954
216.0,651.6851613036308,27.0,256.50086691563575,473.51779766187053
217.0,658.3188953648025,27.0,258.40703381031364,475.51222682748886
218.0,665.017904167098,27.0,260.33214343486566,477.51570571387515
219.0,692.3853308228834,27.0,256.75264603106285,397.2800396649412
220.0,699.1526840155602,27.0,258.69762300480073,398.4661020095438
221.0,705.9863208800202,27.0,260.6615089013156,399.65761625025283
222.0,712.886241416263,27.0,262.6446303193818,400.8542557882938
223.0,719.8524456242887,27.0,264.64698725899956,402.05602062366694
224.0,726.8849335040982,27.0,266.6685797201687,403.262910756372
225.0,733.9837050556902,27.0,268.7094077028893,404.47492618640905
226.0,758.168856143232,27.0,264.2150324845103,399.52368889447575
227.0,765.2985361266717,27.0,266.2674020527659,400.6155348533968
228.0,772.4978106314326,27.0,268.33643518396013,401.7154795155766
229.0,779.7666796575152,27.0,270.4256646452418,402.8199901138668
230.0,787.1051432049192,27.0,272.535090436611,403.9290666482673
231.0,794.5132012736448,27.0,274.6647125580676,405.0427091187779
232.0,801.9908538636918,27.0,276.81453100961176,406.1609175253989
233.0,809.5381009750603,27.0,278.98454579124336,407.2836918681299
234.0,739.2046982428701,27.0,270.3060651660622,419.0094447542047
235.0,746.0880023292359,27.0,272.284603430081,420.37595815522866
236.0,778.6068311835108,27.0,270.1923141671184,420.820576203319
237.0,785.5111419789733,27.0,272.1985024094549,422.1169746352875
238.0,792.4844670220307,27.0,274.20213340229805,423.4415256090654
239.0,810.5319386291762,27.0,267.9204530546762,377.337709382778
240.0,817.5556489557214,27.0,269.94256859018697,378.1532358298047
241.0,824.650440609703,27.0,271.9808493269503,378.976370018312
242.0,831.816313591121,27.0,274.03975786493584,379.8026493483307
243.0,839.0532678999749,27.0,276.1192942041433,380.6320738198605
244.0,846.3613035362657,27.0,278.2194583445728,381.4646434329017
245.0,853.7404204999928,27.0,280.3402502862243,382.30035818745404
246.0,861.1906187911561,27.0,282.48167002909787,383.1392180835178
247.0,868.7118984097557,27.0,284.6437175731935,383.98122312109274
248.0,876.3042593557918,27.0,286.8263929185111,384.8263733001789
249.0,883.967701629264,27.0,289.02969606505076,385.6746686207765
250.0,891.7022252301729,27.0,291.25362701281244,386.5261090828853
251.0,899.507830158518,27.0,293.49818576179615,387.3806946865054
252.0,907.3845164142994,27.0,295.76337231200193,388.23842543163676
253.0,915.3322839975173,27.0,298.0491866634297,389.0993013182793
254.0,947.7404254251335,27.0,295.9630672078621,347.4383101081978
255.0,970.3655238002411,27.0,291.048107513918,338.05281533653465
256.0,978.1574721017279,27.0,293.28507500683,338.502200688401
257.0,986.0428529448046,27.0,295.54629840392147,338.9561485475922
258.0,994.021666329471,27.0,297.83463592458236,339.41180069471847
259.0,1002.0939122557273,27.0,300.1500875688126,339.8691571297794
260.0,1010.2595907235736,27.0,302.4926533366121,340.3282178527753
261.0,1018.5187017330096,27.0,304.862333227981,340.7889828637062
262.0,1026.8712452840355,27.0,307.2591272429194,341.2514521625721
263.0,1035.3172213766513,27.0,309.6830353814271,341.7156257493729
264.0,1043.8566300108566,27.0,312.13405764350415,342.18150362410853
265.0,1052.4894711866516,27.0,314.6121940291506,342.6490857867791
266.0,1061.215744904037,27.0,317.1174445383665,343.1183722373847
267.0,1070.0354511630123,27.0,319.6498091711516,343.5893629759251
268.0,1078.9485899635768,27.0,322.2092879275061,344.0620580024004
269.0,1087.9551613057317,27.0,324.79588080742997,344.5364573168107
270.0,1097.0551651894762,27.0,327.40958781092337,345.012560919156
271.0,1106.2486016148105,27.0,330.05040893798605,345.490368809436
272.0,1030.7263879633604,27.0,319.8628956953434,358.58500113042584
273.0,1062.0193361046115,27.0,317.4073930017111,341.3751364254799
274.0,1070.6251723859918,27.0,319.8830113375582,341.87017270478435
275.0,1079.3212627048604,27.0,322.3804250264148,342.371591285195
276.0,1094.312970864309,28.0,326.2838372143932,354.36556069752993
277.0,1103.0584191773476,28.0,328.83402414482254,354.83314461999504
278.0,1111.900526501052,28.0,331.37195324526624,355.34299134619397
279.0,1120.8392928354228,28.0,333.9379327906053,355.8547926012461
280.0,1129.8747181804595,28.0,336.53196278083965,356.368548385151
281.0,1066.9153337572695,28.0,329.8630480451545,365.99876927132703
282.0,1075.7657339225032,28.0,332.40382985635966,366.62719207032336
283.0,1084.7112557856885,28.0,334.9722159843103,367.2580230637667
284.0,1093.7518993468261,28.0,337.5682064290068,367.89126225165694
285.0,1102.8876646059152,28.0,340.1918011904488,368.5269096339939
286.0,1112.1185515629568,28.0,342.8430002686366,369.16496521077784
287.0,1121.4445602179494,28.0,345.52180366357004,369.80542898200883
288.0,1130.865690570895,28.0,348.228211375249,370.4483009476868
289.0,1140.381942621792,28.0,350.9622234036737,371.09358110781153
290.0,1149.9933163706407,28.0,353.72383974884394,371.74126946238334
291.0,1159.6998118174415,28.0,356.51306041076,372.39136601140183
292.0,1169.5014289621938,28.0,359.32988538942146,373.0438707548674
293.0,1179.3981678048985,28.0,362.17431468482863,373.6987836927798
294.0,1204.5331037946469,28.0,357.9349628222825,347.78336750192545
295.0,1214.5473533036536,28.0,360.8199067212066,348.13318635677985
296.0,1224.6591937246717,28.0,363.72604192872024,348.491331125358
297.0,1234.8686250577023,28.0,366.6604980188997,348.85067223358345
298.0,1245.1756473027444,28.0,369.6232749917451,349.2112096814563
299.0,1255.5802604597984,28.0,372.6143728472565,349.5729434689766
300.0,1266.0824645288649,28.0,375.63379158543364,349.9358735961441
301.0,1276.6822595099432,28.0,378.68153120627665,350.300000062959
302.0,1287.3796454030332,28.0,381.7575917097856,350.6653228694213
303.0,1298.1746222081356,28.0,384.8619730959603,351.0318420155309
304.0,1309.0671899252497,28.0,387.99467536480097,351.3995575012879
305.0,1278.3709706531195,28.0,390.66618045732145,351.95450688856977
306.0,1183.996564104381,28.0,374.98059042228454,371.08644644606653
307.0,1194.1548226635211,28.0,377.9014029030913,371.75843243971315
308.0,1204.4065138658573,28.0,380.84932953695386,372.4328418906092
309.0,1214.7516377113902,28.0,383.8243703238719,373.1096747987551
310.0,1225.1901942001195,28.0,386.8265252638455,373.7889311641506
311.0,1235.7221833320452,28.0,389.8557943568748,374.47061098679563
312.0,1246.3476051071673,28.0,392.9121776029596,375.1547142666904
313.0,1257.066459525486,28.0,395.9956750021,375.8412410038349
314.0,1172.8685609626082,28.0,383.2743867506734,392.1878698773921
315.0,1183.0145320221563,28.0,386.19265639134886,393.1014016489689
316.0,1193.2504105965413,28.0,389.1370171928299,394.01839715374985
317.0,1203.5761966857622,28.0,392.1074691551163,394.93885639173493
318.0,1213.9918902898194,28.0,395.10401227820836,395.8627793629242
319.0,1224.497491408713,28.0,398.1266465621056,396.79016606731756
320.0,1235.093000042442,28.0,401.1753720068084,397.7210165049151
321.0,1188.57451096437,28.0,399.26577210309335,403.40406114471955
322.0,1199.018981490744,28.0,402.27112308186014,404.43856121638447
323.0,1209.5517854698646,28.0,405.302108428614,405.4769895316986
324.0,1220.1729229017312,28.0,408.35872814335477,406.5193460906617
325.0,1230.8823937863438,28.0,411.4409822260823,407.5656308932738
326.0,1135.4076718127862,28.0,395.5301622628193,427.434027828565
327.0,1145.2509984228723,28.0,398.36270636007066,428.79261566014986
328.0,1155.1769896952446,28.0,401.2192397423176,430.1568046124548
329.0,1165.1856456299038,28.0,404.0997624095602,431.5265946854797
330.0,1101.1613902584409,28.0,397.1499869345721,442.5656092566177
331.0,1050.6401825243076,28.0,394.113865566312,449.65969030664223
332.0,963.7402761190872,28.0,369.15431969185886,440.4970538384852
333.0,915.2234208195699,28.0,366.7206565265778,446.67809307456656
334.0,803.5021482064452,28.0,346.08299590036205,471.26131675271904
335.0,810.6139719486637,28.0,348.1261234095104,473.31550779147517
336.0,817.7972076166004,28.0,350.18997465950224,475.37844269715754
337.0,825.0518552102557,28.0,352.2745496503376,477.4501214697659
338.0,832.377914729629,28.0,354.3798483820162,479.53054410930054
339.0,666.3775961416162,28.0,318.05022726305884,520.1611284956457
340.0,672.6573360716354,28.0,319.853178400297,522.6073699650603
341.0,690.0307019964312,28.0,313.37037343465295,508.77314797787244
342.0,696.3277157028124,28.0,315.1967097193643,511.08559239856515
343.0,702.694444672468,28.0,317.0241030969561,513.4268115036823
344.0,709.1308889053983,28.0,318.8717278439502,515.7776310167019
345.0,715.6370484016027,28.0,320.73958396034647,518.1380509376241
346.0,722.2129231610817,28.0,322.62767144614514,520.5080712664488
347.0,728.8585131838354,28.0,324.535990301346,522.8876920031759
348.0,735.5738184698635,28.0,326.4645405259491,525.2769131478058
349.0,742.3588390191662,28.0,328.4133221199545,527.6757347003382
350.0,749.2135748317436,28.0,330.382335083362,530.0841566607731
351.0,756.1380259075952,28.0,332.3715794161721,532.5021790291105
352.0,763.1321922467212,28.0,334.3810551183841,534.9298018053503
353.0,770.1960738491218,28.0,336.41076218999854,537.3670249894928
354.0,653.8642679926847,28.0,314.4485076015375,563.7139256400827
355.0,660.0397578674261,28.0,316.221810571477,566.4708487153302
356.0,666.2801140127066,28.0,318.013937733127,569.2388031507835
357.0,672.5853364285256,28.0,319.8248890864874,572.0177889464425
358.0,618.3543810296309,28.0,315.76346109401044,580.4009171030123
359.0,624.1842494195006,28.0,317.4374413747989,583.3785751487552
360.0,630.0756185879775,28.0,319.1292691815391,586.3682577214693
361.0,636.0284885350612,28.0,320.83894451423106,589.3699648211548
362.0,642.0428592607519,28.0,322.56646737287474,592.3836964478119
363.0,648.1187307650497,28.0,324.3118377574703,595.4094526014401
364.0,654.2561030479545,28.0,326.0750556680175,598.4472332820397
365.0,682.2767607748098,28.0,322.6685764046905,595.4040073798292
366.0,696.4597848096209,28.0,315.2778260221623,565.9105646009442
367.0,702.5263555609123,28.0,317.06242955175196,568.5744821811552
368.0,595.2463198460987,28.0,297.9789341842219,591.7241854087589
369.0,599.5476087322688,28.0,299.2108820193378,595.0099584996232
370.0,603.9050182237131,28.0,300.45911605410447,598.312309335375
371.0,608.3185483204317,28.0,301.72363628852156,601.6312379160146
372.0,612.7881990224244,28.0,303.00444272258926,604.9667442415416
373.0,617.3139703296913,28.0,304.3015353563076,608.3188283119563
374.0,655.5641758948597,28.0,303.8663325199963,581.1315807161553
375.0,660.1894961756117,28.0,305.19452384468826,584.2338373279307
376.0,664.8712591685997,28.0,306.53679179016245,587.353950167362
377.0,669.6094648738243,28.0,307.89543941072765,590.48961618014
378.0,674.4041132912852,28.0,309.2704667063838,593.6408353662655
379.0,679.2552044209822,28.0,310.6618736771309,596.8076077257375
380.0,684.1627382629154,28.0,312.069660322969,599.9899332585569
381.0,703.9365226969574,28.0,306.3065269340483,591.973958382446
382.0,708.752699339297,28.0,307.71157888665715,595.0416501407939
383.0,713.6331989155823,28.0,309.109233348264,598.1504636493761
384.0,718.5780214258132,28.0,310.525554325302,601.2743349017596
385.0,723.5871668699901,28.0,311.96054181777106,604.4132638979447
386.0,738.5587381579246,28.0,304.7725322059067,567.9435847278844
387.0,743.6042138915105,28.0,306.2383458134297,570.6931150689554
388.0,748.7160182831802,28.0,307.7025428713164,573.4769133629834
389.0,753.8941513329335,28.0,309.18598850577894,576.2741144837557
390.0,748.0294466434158,28.0,307.5697243213474,557.6642596351679
391.0,763.7235215049973,28.0,300.60305706068493,546.3858688786037
392.0,785.8596256749615,28.0,295.5052837175272,513.9943268131402
393.0,810.679768648853,28.0,291.18887385331215,501.8419190241735
394.0,826.7176013864497,28.0,284.3191262783575,461.6944626398789
395.0,831.6285561080585,28.0,285.73964792234773,463.4409496888465
396.0,836.6182912058769,28.0,287.16480698255856,465.2154396427726
397.0,841.6868066799052,28.0,288.6128281079455,466.99970785270204
398.0,846.8341025301429,28.0,290.08371129850843,468.79375431863474
399.0,667.2458779378233,28.0,238.34597307132444,455.3410191190981
400.0,671.0831634958582,28.0,239.46095377755634,457.11133329621975
401.0,674.9972519832834,28.0,240.57453404649803,458.9152597978082
402.0,678.9881434000985,28.0,241.7104025255488,460.7291099764646
403.0,683.055837746304,28.0,242.86855921470857,462.5528838321885
404.0,564.492399919548,28.0,220.22780973338521,488.12076436526905
405.0,567.7858091715851,28.0,221.16249445665287,490.2357578421455
406.0,571.1517981675007,28.0,222.11824182159398,492.3619212708038
407.0,574.5903669072949,28.0,223.09505182820874,494.499254651244
408.0,578.1015153909676,28.0,224.092924476497,496.6477579834659
409.0,581.685243618519,28.0,225.11185976645882,498.8074312674694
410.0,585.341551589949,28.0,226.15185769809426,500.97827450325485
411.0,589.0704393052574,28.0,227.21291827140314,503.16028769082186
412.0,592.8719067644445,28.0,228.2950414863857,505.3534708301707
413.0,596.74595396751,28.0,229.39822734304175,507.5578239213013
414.0,609.0584754492637,28.0,221.43694714783106,465.830732297953
415.0,613.0159544336622,28.0,222.57496957537631,467.6658057736522
416.0,617.0477283941206,28.0,223.7234299766488,469.5217560419831
417.0,621.1537973306389,28.0,224.89345077997376,471.38746067462057
418.0,640.1452971327333,28.0,218.91817725958143,455.458277743356
419.0,644.1766526880662,28.0,220.07576522791925,457.10211757110744
420.0,648.2941334301606,28.0,221.24566461007674,458.76735920926205
421.0,652.4977393590167,28.0,222.44055752143254,460.44132054244153
422.0,656.7874704746346,28.0,223.6604439619867,462.1240015706457
423.0,661.1633267770145,28.0,224.90532393173896,463.815402293875
424.0,665.6253082661557,28.0,226.1751974306896,465.5155227121287
425.0,670.1734149420589,28.0,227.47006445883835,467.2243628254073
426.0,674.807646804724,28.0,228.78992501618552,468.94192263371076
427.0,679.5280038541507,28.0,230.13477910273087,470.668202137039
428.0,689.8931069695128,28.0,221.60359350565486,408.76221599395427
429.0,694.7337434515607,28.0,222.99197964255262,409.60295786455333
430.0,699.6620136101805,28.0,224.3967323496429,410.4557431882634
431.0,704.6779174453724,28.0,225.8269163496744,411.31150724233635
432.0,709.7814549571358,28.0,227.2825316426471,412.1702500267717
433.0,714.9726261454716,28.0,228.76357822856085,413.0319715415696
434.0,720.2514310103791,28.0,230.27005610741585,413.89667178673
435.0,725.6178695518588,28.0,231.801965279212,414.7643507622533
436.0,731.0719417699102,28.0,233.35930574394934,415.6350084681389
437.0,736.6136476645335,28.0,234.94207750162792,416.5086449043872
438.0,742.2429872357288,28.0,236.55028055224764,417.38526007099813
439.0,747.9599604834962,28.0,238.18391489580856,418.2648539679714
440.0,753.7645674078354,28.0,239.84298053231063,419.14742659530754
441.0,759.6568080087466,28.0,241.52747746175388,420.03297795300614
442.0,765.6366822862298,28.0,243.23740568413834,420.92150804106745
443.0,771.7041902402852,28.0,244.97276519946394,421.81301685949114
444.0,777.8593318709121,28.0,246.73355600773073,422.7075044082774
445.0,784.1021071781113,28.0,248.51977810893868,423.6049706874263
446.0,790.4325161618822,28.0,250.3314315030878,424.505415696938
447.0,796.8505588222251,28.0,252.16851619017822,425.408839436812
448.0,803.35623515914,28.0,254.03103217020976,426.31524190704863
449.0,809.9495451726268,28.0,255.91897944318242,427.2246231076478
450.0,826.1258253775421,28.0,249.12229961870952,424.58237024155625
451.0,832.6656201421508,28.0,251.00611452456278,425.3569318748167
452.0,839.3003102845527,28.0,252.90396296525222,426.1471889843072
453.0,846.029895804747,28.0,254.82935004457715,426.9396364662284
454.0,722.913095617922,28.0,230.85089173706928,453.62518470186353
455.0,728.9437505481546,28.0,232.57438034832094,454.6824148856144
456.0,735.0660920721227,28.0,234.32447640907452,455.7427823635978
457.0,741.2801201898251,28.0,236.10117991932995,456.80628713581393
458.0,747.5858349012627,28.0,237.9044908790872,457.8729292022626
459.0,683.6628625308562,28.0,219.63848825572097,401.08622636370035
460.0,689.0040162115617,28.0,221.18396270645448,401.96188124757487
461.0,694.43390748348,28.0,222.7339655045952,402.86233983338735
462.0,699.9525363466106,28.0,224.3097199517059,403.7663788195753
463.0,705.5599028009536,28.0,225.91122604778636,404.67399820613895
464.0,719.714057047575,28.0,218.50124965820666,363.8621347979687
465.0,725.0751327203807,28.0,220.12541935520636,364.3432730318459
466.0,684.6680029536078,28.0,219.93121104307286,366.438039952292
467.0,690.0985534128175,28.0,221.47565445713695,367.0673035721753
468.0,695.6376577286728,28.0,223.0516002003996,367.69898011970093
469.0,701.2853159011742,28.0,224.6590482728609,368.3330695948686
470.0,707.0415279303214,28.0,226.2979986745208,368.9695719976783
471.0,712.9062938161142,28.0,227.9684514053793,369.60848732813025
472.0,718.8796135585528,28.0,229.67040646543632,370.24981558622443
473.0,669.3190948149042,28.0,227.0869164852933,374.7528439025533
474.0,674.4299779441646,28.0,228.5420013152852,375.7107570351479
475.0,679.63766828955,28.0,230.02517959939655,376.67454956424194
476.0,684.9421658510605,28.0,231.5364513376274,377.64422148983584
477.0,690.3434706286959,28.0,233.07581652997766,378.6197728119294
478.0,695.8415826224564,28.0,234.64327517644753,379.6012035305229
479.0,701.4365018323421,28.0,236.23882727703685,380.588513645616
480.0,707.1282282583527,28.0,237.86247283174563,381.5817031572088
481.0,712.9167619004883,28.0,239.51421184057392,382.58077206530135
482.0,718.8021027587492,28.0,241.19404430352174,383.58572036989375
483.0,724.784250833135,28.0,242.90197022058905,384.5965480709859
484.0,630.3065147364509,28.0,227.19446412879398,402.9117837118487
485.0,635.7297369738994,28.0,228.741150576518,404.1545254799264
486.0,532.5385483971845,28.0,210.5134448383454,425.09313355414895
487.0,537.370192777934,28.0,211.88948674486295,426.5772840096567
488.0,542.2917795872703,28.0,213.29162994415645,428.0693396810609
489.0,547.3033088251931,28.0,214.71987443622578,429.5693005683618
490.0,552.404780491703,28.0,216.174220221071,431.0771666715594
491.0,557.5961945867996,28.0,217.65466729869217,432.59293799065364
492.0,562.8775511104831,28.0,219.16121566908927,434.1166145256446
493.0,568.2488500627533,28.0,220.69386533226216,435.6481962765321
494.0,573.7100914436103,28.0,222.252616288211,437.1876832433162
495.0,579.261275253054,28.0,223.83746853693566,438.73507542599697
496.0,584.9024014910846,28.0,225.44842207843624,440.29037282457443
497.0,590.6334701577018,28.0,227.08547691271272,441.8535754390486
498.0,596.4544812529059,28.0,228.74863303976508,443.4246832694193
499.0,602.365434776697,28.0,230.4378904595933,445.00369631568674
500.0,608.3663307290749,28.0,232.1532491721975,446.5906145778507
501.0,614.4571691100393,28.0,233.8947091775775,448.18543805591133
502.0,620.6379499195908,28.0,235.66227047573338,449.78816674986876
503.0,573.2959013856735,28.0,233.54604537169286,455.0230131014153
504.0,579.2132340434449,28.0,235.2378705821224,456.77094799626667
505.0,585.2180399157429,28.0,236.9550805194077,458.52751677949163
506.0,591.3103190025679,28.0,238.69767518354857,460.29271945108985
507.0,597.4900713039194,28.0,240.46565457454508,462.0665560110614
508.0,603.7572968197978,28.0,242.25901869239732,463.8490264594065
509.0,610.1119955502027,28.0,244.07776753710522,465.6401307961248
510.0,616.5541674951344,28.0,245.92190110866875,467.43986902121657
511.0,623.0838126545926,28.0,247.79141940708797,469.24824113468196
512.0,629.7009310285779,28.0,249.6863224323628,471.0652471365206
513.0,636.4055226170897,28.0,251.60661018449326,472.8908870267326
514.0,655.9938497530427,28.0,245.74756657324795,432.0824786377354
515.0,662.8066799321986,28.0,247.71621519833292,433.59591624591565
516.0,669.7089578831891,28.0,249.69329851632406,435.13456992256164
517.0,676.7006836060134,28.0,251.69633957770142,436.68091661719285
518.0,683.7818571006719,28.0,253.725338382465,438.23495632980934
519.0,712.0666037532197,28.0,250.39405559192886,404.8347610821389
520.0,719.2990579762077,28.0,252.4679284091844,405.9915986161737
521.0,726.6219108987397,28.0,254.56678662469542,407.1555140869315
522.0,734.0351625208154,28.0,256.6918785428142,408.3252591900597
523.0,741.5388128424361,28.0,258.8432041635407,409.50083392555865
524.0,749.1328618636005,28.0,261.02076348687496,410.6822382934281
525.0,756.8173095843097,28.0,263.22455651281695,411.86947229366825
526.0,783.5984322533725,28.0,259.5250039029329,408.7098554860574
527.0,791.2065395284571,28.0,261.70586503992877,409.8584737681925
528.0,798.9295946203346,28.0,263.9137377711583,411.018992325724
529.0,757.1252989695997,28.0,263.34179402751386,414.7486147069647
530.0,764.8276862825549,28.0,265.5439617609777,415.993597722257
531.0,772.6440124816432,28.0,267.7791945591974,417.24443248921074
532.0,780.5742775668646,28.0,270.04749242217287,418.50111900782616
533.0,799.5972280578966,28.0,264.0191388633538,391.1824276432916
534.0,807.6961935253337,28.0,266.34871558240167,391.9243784136106
535.0,815.9108142276739,28.0,268.69903536105187,392.68158373482044
536.0,824.2410901649171,28.0,271.082918288871,393.4412235173545
537.0,832.6870213370627,28.0,273.50036436585884,394.20329776121326
538.0,841.2486077441113,28.0,275.95137359201556,394.9678064663963
539.0,849.9258493860631,28.0,278.4359459673411,395.73474963290363
540.0,858.7187462629174,28.0,280.9540814918355,396.5041272607355
541.0,867.6272983746746,28.0,283.5057801654986,397.2759393498918
542.0,876.6515057213348,28.0,286.0910419883306,398.0501859003727
543.0,885.7913683028978,28.0,288.70986696033134,398.8268669121777
544.0,924.0598354987047,28.0,288.3085069705539,367.6472986886267
545.0,933.2398095829124,28.0,290.9471642617242,368.1465192207698
546.0,903.726307538547,28.0,282.5083668934186,337.7640048948726
547.0,912.488919677257,28.0,285.0463744476862,338.11637500785804
548.0,921.3751690444363,28.0,287.5892844903399,338.501286942899
549.0,930.3850556400859,28.0,290.1680740566955,338.8877636646796
550.0,939.5185794642045,28.0,292.78274314675286,339.27580517319956
551.0,948.7757405167936,28.0,295.43329176051225,339.6654114684592
552.0,958.1565387978521,28.0,298.1197198979735,340.0565825504585
553.0,967.6609743073805,28.0,300.8420275591366,340.44931841919725
554.0,977.2890470453784,28.0,303.6002147440018,340.84361907467553
555.0,987.0407570118459,28.0,306.39428145256875,341.2394845168935
556.0,996.9161042067833,28.0,309.2242276848377,341.63691474585096
557.0,1006.9150886301906,28.0,312.0900534408085,342.03590976154794
558.0,1017.0377102820677,28.0,314.99175872048136,342.43646956398453
559.0,1027.2839691624145,28.0,317.929343523856,342.8385941531605
560.0,1037.6538652712309,28.0,320.90280785093256,343.2422835290764
561.0,1003.5270917716003,28.0,322.62167935140934,344.5984427126834
562.0,1013.666319444516,28.0,325.5291620321183,345.14438737612244
563.0,931.1967470748519,28.0,301.99498399905906,351.65306986284986
564.0,882.3695058349955,28.0,299.4694269936836,357.24346021916443
565.0,890.8189409261906,28.0,301.8898305933157,358.19289078268025
566.0,806.8541191244394,28.0,289.18233928439923,374.17083262052233
567.0,814.9331979761826,28.0,291.4958653699123,375.3048201002613
568.0,823.119177576591,28.0,293.8404140526881,376.445492554383
569.0,831.4120579256655,28.0,296.2159853327267,377.5928499828873
570.0,839.8118390234056,28.0,298.622579210028,378.7468923857741
571.0,848.3185208698112,28.0,301.0601956845923,379.9076197630436
572.0,856.9321034648826,28.0,303.52883475641914,381.07503211469555
573.0,865.6525868086198,28.0,306.028496425509,382.2491294407301
574.0,874.4799709010225,28.0,308.5591806918615,383.42991174114735
575.0,883.4142557420909,28.0,311.12088755547677,384.61737901594705
576.0,892.4554413318253,28.0,313.71361701635476,385.8115312651294
577.0,901.6035276702248,28.0,316.33736907449565,387.0123684886943
578.0,910.8585147572904,28.0,318.9921437298992,388.2198906866419
579.0,920.2204025930217,28.0,321.67794098256553,389.43409785897205
580.0,929.6891911774184,28.0,324.39476083249474,390.6549900056846
581.0,939.2648805104809,28.0,327.14260327968685,391.88256712677986
582.0,948.947470592209,28.0,329.9214683241416,393.1168292222578
583.0,958.7369614226029,28.0,332.73135596585905,394.35777629211805
584.0,968.6333530016627,28.0,335.5722662048394,395.6054083363612
585.0,978.6366453293879,28.0,338.44419904108236,396.8597253549867
586.0,988.7468384057787,28.0,341.34715447458836,398.12072734799483
587.0,998.9639322308356,28.0,344.281132505357,399.38841431538566
588.0,1009.2879268045575,28.0,347.2461331333884,400.6627862571589
589.0,1053.1289318068664,28.0,348.42389421185766,394.51725114340786
590.0,1063.6357276111432,28.0,351.44421601035253,395.71288456362674
591.0,1074.2500545358332,28.0,354.49328815275385,396.9173622630756
592.0,1030.2788775860395,28.0,353.6106956668946,401.55021056838655
593.0,978.4277675631313,28.0,350.1438719243519,409.1415219693239
594.0,987.6870415188105,28.0,352.8071381468207,410.84538450639724
595.0,997.0282420060869,28.0,355.4941794487588,412.5631921264363
596.0,935.6680584614124,28.0,349.3541358266303,422.9023986826656
597.0,732.9561567775631,28.0,314.11335863924154,462.2539730876822
598.0,739.9845522140644,28.0,316.13307669684883,464.7609563984715
599.0,747.0815978851118,28.0,318.1727170525215,467.2858026673152
600.0,754.2472937907057,28.0,320.2322797062594,469.8285118942132
601.0,761.4816399308459,28.0,322.3117646580628,472.38908407916557
602.0,768.7846363055326,28.0,324.4111719079314,474.96751922217265
603.0,776.1562829147657,28.0,326.5305014558656,477.5638173232338
604.0,783.5965797585452,28.0,328.6697533018649,480.1779783823495
605.0,791.1055268368708,28.0,330.82892744592976,482.81000239951953
606.0,813.6434205271973,28.0,325.8474585871421,470.27610680405127
607.0,821.1851820392991,28.0,328.0279206369927,472.708624991945
608.0,828.7991459930622,28.0,330.2165398278046,475.17062310655695
609.0,836.4853123884868,28.0,332.4261121671866,477.64930514027884
610.0,844.243681225573,28.0,334.65663765513887,480.14467109311016
611.0,852.0742525043208,28.0,336.90811629166126,482.6567209650515
612.0,859.9770262247299,28.0,339.1805480767539,485.18545475610244
613.0,867.9520023868006,28.0,341.47393301041666,487.7308724662629
614.0,875.9991809905328,28.0,343.7882710926496,490.2929740955334
615.0,884.1185620359266,28.0,346.1235623234527,492.8717596439136
616.0,892.3101455229815,28.0,348.4798067028259,495.46722911140336
617.0,900.5739314516983,28.0,350.85700423076923,498.07938249800304
618.0,703.1845805714512,28.0,317.44314802165263,535.8394114627872
619.0,708.6478014878173,28.0,319.01396528183517,539.3413147410827
620.0,714.1613650980049,28.0,320.59939199176466,542.8663528156549
621.0,739.0633583723996,28.0,316.32639440930916,535.453492947014
622.0,744.4390195719643,28.0,317.90538659967046,538.7971449325034
623.0,776.84090524315,28.0,315.7764783248293,491.83743510038
624.0,806.4490210230065,28.0,312.8649807922552,480.8080847601064
625.0,683.622012721221,28.0,289.00383672716833,508.7864245680296
626.0,696.5747295676618,28.0,281.23969821160335,485.65281989621644
627.0,701.0436396443105,28.0,282.5339865205354,488.38217458037917
628.0,664.7790773997531,28.0,283.53298117421025,491.20224617907206
629.0,601.3370564184457,28.0,276.7920546390661,501.7847857538921
630.0,605.3405189247899,28.0,277.93721377263296,504.77342113757464
631.0,609.4013407894188,28.0,279.099018591974,507.7814026462572
632.0,613.5195220123327,28.0,280.27746909708935,510.8087302799396
633.0,617.6950625935315,28.0,281.47256528797897,513.8554040386219
634.0,621.9279625330153,28.0,282.68430716464286,516.9214239223041
635.0,626.2182218307839,28.0,283.91269472708103,520.0067899309864
636.0,630.5658404868371,28.0,285.1577279752935,523.1115020646685
637.0,553.3899983964499,28.0,274.4318401293972,538.0359306496987
638.0,557.2756530181557,28.0,275.5435775346497,541.3479836036088
639.0,561.2160270263757,28.0,276.67119450586875,544.6801617461081
640.0,565.2111204211101,28.0,277.81469104305427,548.0324650771971
641.0,569.2609332023586,28.0,278.97406714620615,551.4048935968754
642.0,573.3654653701213,28.0,280.14932281532447,554.7974473051429
643.0,577.5247169243983,28.0,281.34045805040915,558.2101262019997
644.0,581.7386878651893,28.0,282.5474728514603,561.642930287446
645.0,586.0073781924945,28.0,283.77036721847793,565.0958595614818
646.0,590.3307879063142,28.0,285.009141151462,568.5689140241067
647.0,594.7089170066479,28.0,286.26379465041236,572.0620936753212
648.0,599.1417654934958,28.0,287.53432771532925,575.5753985151249
649.0,603.6293333668581,28.0,288.8207403462125,579.1088285435178
650.0,608.1716206267345,28.0,290.12303254306227,582.6623837605005
651.0,612.7686272731249,28.0,291.44120430587833,586.2360641660722
652.0,632.3526630399167,28.0,285.6532752606675,550.2324551071447
653.0,643.7490629701033,28.0,277.4471930359644,541.6321337863968
654.0,648.1237175801707,28.0,278.7245780739239,544.3190953673117
655.0,652.5666455924073,28.0,279.99410284176554,547.0463584412303
656.0,668.6309572779368,28.0,273.1327208114282,529.671271173905
657.0,703.0314472606609,28.0,260.08375954674244,455.58695425215956
658.0,707.3739700110588,28.0,261.36652599504373,457.34140403685575
659.0,711.7967445165002,28.0,262.62672609720926,459.1504259973097
660.0,716.2997707769857,28.0,263.9102152586883,460.9681647280715
661.0,720.8830487925145,28.0,265.2169934794812,462.79462022914134
662.0,725.546578563087,28.0,266.5470607595876,464.62979250051933
663.0,730.2903600887031,28.0,267.90041709900777,466.4736815422052
664.0,735.1143933693627,28.0,269.27706249774155,468.3262873541992
665.0,740.0186784050661,28.0,270.67699695578915,470.1876099365013
666.0,745.0032151958135,28.0,272.1002204731502,472.05764928911134
667.0,750.068003741604,28.0,273.546733049825,473.93640541202956
668.0,755.2130440424384,28.0,275.01653468581344,475.8238783052558
669.0,760.4383360983162,28.0,276.50962538111554,477.72006796878975
670.0,765.743879909238,28.0,278.0260051357314,479.62497440263206
671.0,771.129675475203,28.0,279.56567394966083,481.53859760678245
672.0,776.5957227962118,28.0,281.128631822904,483.4609375812407
673.0,782.1420218722649,28.0,282.71487875546075,485.391994326007
674.0,787.7685727033607,28.0,284.32441474733116,487.3317678410814
675.0,793.4753752895004,28.0,285.95723979851533,489.2802581264638
676.0,799.2624296306839,28.0,287.6133539090131,491.23746518215415
677.0,805.1297357269108,28.0,289.2927570788245,493.20338900815284
678.0,824.3264990752847,28.0,271.80298935074404,398.01290044562177
679.0,830.124859749885,28.0,273.5251500316476,398.7057088336076
680.0,836.010692355051,28.0,275.20783429941656,399.4657156599427
681.0,841.9839968907833,28.0,276.9159029214359,400.22806015724206
682.0,848.0447733570815,28.0,278.64935589770533,400.9927423255055
683.0,854.1930217539453,28.0,280.408193228225,401.75976216473333
684.0,706.5072974577455,28.0,249.46963051888125,435.16136207636515
685.0,715.9408913483547,28.0,240.69620986239985,393.0376559655263
686.0,720.7065578669839,28.0,242.07164666929256,393.89202899982007
687.0,725.5571243190877,28.0,243.4546430929987,394.7668872755293
688.0,750.9921421907437,28.0,239.30289052076716,394.2917054121061
689.0,776.7873215119108,28.0,235.27726695745926,375.8707543368286
690.0,781.6915498084435,28.0,236.68808070275657,376.500683220499
691.0,786.6882379677953,28.0,238.11128775441034,377.1474707847979
692.0,791.7773859899659,28.0,239.56132665825422,377.79667848389136
693.0,796.9589938749554,28.0,241.0381974142881,378.4483063177795
694.0,802.2330616227638,28.0,242.541900022512,379.10235428646246
695.0,807.5995892333912,28.0,244.072434482926,379.75882238994024
696.0,813.0585767068378,28.0,245.62980079553012,380.4177106282127
697.0,833.5468972923676,28.0,240.03263712813512,358.0829942505827
698.0,839.1425626059267,28.0,241.63910959424513,358.52496264112483
699.0,745.060251370704,28.0,226.02372020875038,376.0923240130176
700.0,750.1724505279343,28.0,227.4808849477783,376.74369237367944
701.0,755.375605772001,28.0,228.96444514320646,377.39743832662543
702.0,760.6697171029053,28.0,230.47440079503463,378.05356187185635
703.0,766.0547845206468,28.0,232.01075190326307,378.71206300937155
704.0,771.5308080252254,28.0,233.57349846789168,379.37294173917144
705.0,777.0977876166411,28.0,235.16264048892037,380.03619806125596
706.0,782.7557232948941,28.0,236.7781779663493,380.70183197562494
707.0,788.5046150599846,28.0,238.42011090017837,381.3698434822785
708.0,761.5553559273745,28.0,242.13750695771967,379.6874633912249
709.0,767.3340493442704,28.0,243.78836429012415,380.40456643533963
710.0,773.2027479202932,28.0,245.46534111970723,381.1243276933592
711.0,779.1614516554433,28.0,247.16843744646908,381.8467471652833
712.0,785.2101605497202,28.0,248.8976532704096,382.5718248511119
713.0,791.3488746031246,28.0,250.65298859152878,383.2995607508452
714.0,797.577593815656,28.0,252.43444340982677,384.0299548644832
715.0,803.8963181873145,28.0,254.24201772530333,384.76300719202567
716.0,810.3050477181,28.0,256.0757115379586,385.4987177334727
717.0,816.8037824080129,28.0,257.93552484779264,386.2370864888244
718.0,717.084862767858,28.0,240.71928500853744,405.9532024213278
719.0,722.9754855838111,28.0,242.40362717523251,406.92745898240923
720.0,728.9526575882364,28.0,244.11308591642197,407.90539362470355
721.0,735.016378781133,28.0,245.8476612321062,408.8870063482107
722.0,741.1666491625016,28.0,247.6073531222848,409.87229715293097
723.0,747.4034687323422,28.0,249.39216158695803,410.86126603886385
724.0,711.607561112542,28.0,250.60007446138874,412.1414341426373
725.0,717.6695298631795,28.0,252.33471423485975,413.23929400956536
726.0,723.8160732449813,28.0,254.09389756629466,414.34141465549146
727.0,607.1455216903025,28.0,232.08542191583368,439.0687235374946
728.0,612.236170101827,28.0,233.54043039452574,440.5363882343282
729.0,617.4036541106376,28.0,235.01773656355024,442.01059752227445
730.0,622.6479737167342,28.0,236.517340422907,443.4913514013332
731.0,627.9691289201164,28.0,238.0392419725962,444.97864987150473
732.0,633.367119720785,28.0,239.5834412126178,446.4724929327887
733.0,638.8419461187394,28.0,241.1499381429718,447.9728805851854
734.0,644.3936081139798,28.0,242.7387327636581,449.4798128286948
735.0,650.022105706506,28.0,244.34982507467691,450.9932896633167
736.0,655.7274388963183,28.0,245.98321507602805,452.51331108905106
737.0,661.5096076834167,28.0,247.63890276771156,454.0398771058982
738.0,667.3686120678009,28.0,249.31688814972745,455.57298771385797
739.0,673.3044520494711,28.0,251.01717122207577,457.1126429129302
740.0,679.3171276284271,28.0,252.73975198475642,458.65884270311517
741.0,685.4066388046692,28.0,254.48463043776957,460.21158708441277
742.0,691.5729855781972,28.0,256.251806581115,461.77087605682283
743.0,697.8161679490114,28.0,258.0412804147929,463.3367096203457
744.0,715.3260261696366,28.0,251.5966467760291,403.32800437944127
745.0,607.3966127219221,28.0,243.59079115421775,413.60187302419615
746.0,612.7859025478765,28.0,245.13389701190172,414.92967185908327
747.0,618.2470946819216,28.0,246.69786891939376,416.2638919721148
748.0,623.7801891240572,28.0,248.2827068766936,417.6045333632903
749.0,629.3851858742833,28.0,249.88841088380138,418.9515960326099
750.0,635.0620849326006,28.0,251.51498094071704,420.3050799800737
751.0,640.8108862990082,28.0,253.16241704744064,421.6649852056817
752.0,646.6315899735065,28.0,254.8307192039722,423.03131170943396
753.0,652.5241959560954,28.0,256.5198874103115,424.4040594913302
754.0,658.4887042467752,28.0,258.2299216664589,425.7832285513707
755.0,664.5251148455458,28.0,259.9608219724141,427.1688188895554
756.0,670.6334277524068,28.0,261.71258832817733,428.5608305058842
757.0,676.8136429673585,28.0,263.4852207337484,429.95926340035703
758.0,683.0657604904009,28.0,265.2787191891274,431.3641175729743
759.0,697.3936343174242,28.0,257.8957951810111,403.0206842892027
760.0,703.6913701445518,28.0,259.73043267891643,404.1741805622221
761.0,594.131412036559,28.0,239.6263120883849,427.25036355551146
762.0,599.9162613072332,28.0,241.28433577300947,428.6371647549465
763.0,605.7725770621425,28.0,242.963099031359,430.0302552262308
764.0,611.7003593012872,28.0,244.6626018634338,431.42963496936466
765.0,617.6996080246672,28.0,246.38284426923357,432.8353039843475
766.0,623.7703232322827,28.0,248.12382624875846,434.24726227117975
767.0,629.9125049241334,28.0,249.88554780200838,435.6655098298611
768.0,653.7673141198671,28.0,245.28082544058617,436.3388294560265
769.0,659.9269532456946,28.0,247.0700745575854,437.6873852810297
770.0,666.1612709017301,28.0,248.8576018319005,439.06533222215006
771.0,672.4702670879736,28.0,250.666800815682,440.4492767272369
772.0,678.8539418044254,28.0,252.49767150892987,441.83921879629
773.0,685.3122950510857,28.0,254.35021391164423,443.2351584293096
774.0,691.8453268279538,28.0,256.22442802382506,444.63709562629555
775.0,638.7569688973966,28.0,252.47546210064326,451.4036246969136
776.0,644.8906153987198,28.0,254.23467237402446,452.9776969950744
777.0,651.0958468114931,28.0,256.0146565887085,454.5586797933779
778.0,685.2013996339789,28.0,254.37535254358852,421.88613628268115
779.0,691.4571724997039,28.0,256.1922461737807,423.17126645376123
780.0,596.2292102306334,28.0,240.30588317853758,442.01469490668086
781.0,601.7688472992232,28.0,241.8931168089298,443.58748363113307
782.0,607.3786740539344,28.0,243.50071948623454,445.1674189032084
783.0,613.0586904947675,28.0,245.1286912104518,446.7545007229068
784.0,635.282604499602,28.0,240.05344635157678,441.03185232127447
785.0,641.0125268672568,28.0,241.7058118257845,442.48897694546764
786.0,646.8151285561197,28.0,243.3686352968779,443.9632964362014
787.0,669.2191502677641,28.0,238.34478077941404,396.8044405469177
788.0,675.037358159225,28.0,240.03359740770512,397.7830405989206
789.0,680.9332691066919,28.0,241.7220413378071,398.7888536013736
790.0,686.9068831101645,28.0,243.433034694762,399.7989574292353
791.0,692.9582001696429,28.0,245.16657747856968,400.8133520825056
792.0,699.0872202851272,28.0,246.9226696892303,401.83203756118445
793.0,705.2939434566171,28.0,248.70131132674388,402.8550138652716
794.0,711.5783696841127,28.0,250.50250239111023,403.88228099476726
795.0,717.9404989676144,28.0,252.32624288232952,404.9138389496717
796.0,724.380331307122,28.0,254.1725328004017,405.9496877299844
797.0,730.8978667026349,28.0,256.04137214532676,406.98982733570574
798.0,737.493105154154,28.0,257.9327609171047,408.0342577668356
799.0,744.166046661679,28.0,259.84669911573553,409.0829790233738
800.0,750.9166912252092,28.0,261.78318674121914,410.1359911053207
801.0,757.7450388447455,28.0,263.7422237935558,411.1932940126761
802.0,764.6510895202879,28.0,265.72381027274525,412.25488774544004
803.0,771.6348432518357,28.0,267.72794617878753,413.32077230361233
804.0,778.6963000393897,28.0,269.75463151168276,414.39094768719326
805.0,835.3071562880856,28.0,263.12381212292576,385.2708525648541
806.0,842.4699732158767,28.0,265.1911367548024,385.92944606021297
807.0,849.7115828017902,28.0,267.26978622724744,386.6019059826712
808.0,857.0319850458269,28.0,269.37130132907964,387.27669154340987
809.0,864.4311799479863,28.0,271.495682060299,387.9538027424288
810.0,871.909167508268,28.0,273.64292842090555,388.6332395797283
811.0,879.4659477266728,28.0,275.8130404108994,389.3150020553083
812.0,887.1015206032005,28.0,278.0060180302805,389.9990901691686
813.0,894.8158861378506,28.0,280.22186127904877,390.6855039213094
814.0,902.6090443306234,28.0,282.46057015720424,391.3742433117306
815.0,910.4809951815191,28.0,284.722144664747,392.06530834043224
816.0,918.4317386905376,28.0,287.00658480167687,392.75869900741407
817.0,926.4612748576791,28.0,289.31389056799406,393.4544153126766
818.0,934.5696036829427,28.0,291.6440619636984,394.15245725621935
819.0,942.7567251663293,28.0,293.99709898879,394.8528248380425
820.0,951.0226393078387,28.0,296.3730016432688,395.5555180581461
821.0,975.7684087158482,28.0,292.032887575749,362.1625682363795
822.0,984.0889212099758,28.0,294.4323922093392,362.63683558497945
823.0,992.490954360916,28.0,296.8470049351349,363.12138233773913
824.0,1000.9745081686696,28.0,299.28527495553783,363.6076592922568
825.0,1009.5395826332363,28.0,301.747202270548,364.0956664485326
826.0,1018.1861777546162,28.0,304.23278688016524,364.5854038065664
827.0,1026.9142935328093,28.0,306.7420287843897,365.0768713663581
828.0,1035.7239299678156,28.0,309.2749279832213,365.570069127908
829.0,1044.615087059635,28.0,311.8314844766601,366.0649970912159
830.0,1053.5877648082674,28.0,314.4116982647062,366.5616552562818
831.0,1062.641963213713,28.0,317.01556934735925,367.06004362310586
832.0,1071.7776822759722,28.0,319.64309772461957,367.5601621916877
833.0,1036.460876595269,28.0,320.92656007713595,369.19202805031034
834.0,1045.6368265316478,28.0,323.56594638794706,369.731482883776
835.0,996.965805225106,28.0,309.55979840934265,362.6652672558144
836.0,921.2460232410623,28.0,299.31591845498366,375.68121139110144
837.0,929.371888226319,28.0,301.65119594455626,376.35800747033517
838.0,937.5764869439977,28.0,304.00932196327784,377.0373615162524
839.0,945.8598193940985,28.0,306.39029651114816,377.71927352885314
840.0,976.9403556349095,28.0,303.910687950351,343.7984593322787
841.0,985.2202523961731,28.0,306.29309120525073,344.16012984846526
842.0,993.5837640582249,28.0,308.6959172453695,344.52694452858196
843.0,1002.0308906210659,28.0,311.123008329697,344.8950611136389
844.0,1010.5616320846946,28.0,313.5743644582333,345.26447960363606
845.0,1019.1759884491119,28.0,316.04998563097837,345.63519999857346
846.0,1027.8739597143176,28.0,318.54987184793225,346.0072222984512
847.0,1036.655545880312,28.0,321.07402310909504,346.3805465032691
848.0,1045.5207469470945,28.0,323.62243941446656,346.75517261302724
849.0,1054.4695629146656,28.0,326.19512076404686,347.1311006277257
850.0,1063.5019937830252,28.0,328.79206715783596,347.5083305473642
851.0,938.74075516015,28.0,304.50330345129123,374.61202505583736
852.0,892.523862396649,28.0,302.7260521108253,379.12713798580256
853.0,899.8689072070946,28.0,304.8366248675075,380.07363973851307
854.0,907.2861754748427,28.0,306.9681568714989,381.024805045311
855.0,914.7756671998926,28.0,309.1206481227993,381.98063390619626
856.0,877.7952735016108,28.0,310.04076583933903,383.8400618479902
857.0,884.9010426945057,28.0,312.08298837016747,384.9589070885786
858.0,892.0752877280265,28.0,314.14508258994556,386.0835218161782
859.0,899.3180086021733,28.0,316.2270484986733,387.2139060307892
860.0,906.6292053169462,28.0,318.3288860963507,388.35005973241147
861.0,914.0088778723452,28.0,320.4505953829777,389.49198292104506
862.0,921.4570262683702,28.0,322.5921763585546,390.63967559669004
863.0,928.9736505050212,28.0,324.75362902308103,391.79313775934645
864.0,936.5587505822983,28.0,326.9349533765571,392.95236940901407
865.0,944.2123265002015,28.0,329.13614941898294,394.1173705456931
866.0,870.5293509189147,28.0,319.48442137922063,406.90912262669156
867.0,877.5210366275406,28.0,321.49501763666905,408.3184418683046
868.0,884.5760956483472,28.0,323.5240048293123,409.7350363683807
869.0,829.9349430716155,28.0,319.27571547963925,417.23041678595405
870.0,836.7484808154933,28.0,321.2351204793829,418.7692242021004
871.0,843.6236438299758,28.0,323.2124091326561,420.315822729023
872.0,850.5604321150637,28.0,325.2075814394589,421.87021236672183
873.0,857.5588456707565,28.0,327.2206373997915,423.4323931151969
874.0,864.6188844970546,28.0,329.2515770136535,425.00236497444814
875.0,715.5079631638167,28.0,297.90783858299227,459.8925634151186
876.0,721.2173759964247,28.0,299.54901091013954,461.908694129693
877.0,726.980886957481,28.0,301.2058825141624,463.9348372372756
878.0,732.798496046985,28.0,302.87845339506094,465.9709927378665
879.0,738.670203264937,28.0,304.566723552835,468.01716063146546
880.0,744.5960086113369,28.0,306.2706929874846,470.0733409180727
881.0,750.5759120861846,28.0,307.99036169900995,472.1395335976882
882.0,756.6099136894807,28.0,309.72572968741076,474.21573867031196
883.0,762.6980134212243,28.0,311.4767969526872,476.30195613594395
884.0,711.1509320569542,28.0,308.2030451967628,483.12064429583575
885.0,716.7224235333971,28.0,309.8052004829281,485.40925276029265
886.0,722.3445405794417,28.0,311.4220473093918,487.70889838029103
887.0,728.0172831950878,28.0,313.0535856761539,490.01958115583085
888.0,733.7406513803356,28.0,314.6998155832144,492.341301086912
889.0,739.514645135185,28.0,316.3607370305734,494.67405817353466
890.0,745.3392644596361,28.0,318.0363500182306,497.0178524156988
891.0,751.2145093536888,28.0,319.72665454618635,499.3726838134045
892.0,757.1403798173434,28.0,321.4316506144405,501.7385523666515
893.0,787.9280574759326,28.0,318.8318293872888,500.59460696677314
894.0,793.9024597327812,28.0,320.56532227951567,502.92196272794547
895.0,823.2745457188544,28.0,317.584786974513,487.7183342748837
896.0,840.4608022802523,28.0,311.0925855121005,463.27192376745796
897.0,726.9946722565412,28.0,289.9807369782591,487.8595633492515
898.0,731.8131632068861,28.0,291.3618538888483,490.12986249837036
899.0,736.690955202031,28.0,292.7601799626383,492.41088124497657
900.0,741.6280482419756,28.0,294.17571519962934,494.7026195890701
901.0,746.6244423267201,28.0,295.6084595998214,497.0050775306511
902.0,751.6801374562647,28.0,297.0584131632142,499.31825506971927
903.0,756.7951336306088,28.0,298.52557588980795,501.6421522062749
904.0,761.9694308497529,28.0,300.00994777960267,503.9767689403179
905.0,767.2030291136972,28.0,301.51152883259834,506.3221052718482
906.0,772.4959284224412,28.0,303.030319048795,508.67816120086593
907.0,777.848128775985,28.0,304.5663184281924,511.0449367273709
908.0,783.2596301743288,28.0,306.1195269707908,513.4224318513633
909.0,788.7304326174723,28.0,307.68994467659024,515.810646572843
910.0,794.2605361054159,28.0,309.2775715455905,518.2095808918101
911.0,813.8667847009682,28.0,303.4409703644182,464.3940374006087
912.0,829.5977870920921,28.0,296.4949710286012,452.9904129976589
913.0,835.1158201975811,28.0,298.0960778141252,454.64793822401145
914.0,840.6984707170317,28.0,299.6974110213381,456.33137673663634
915.0,846.3457386504436,28.0,301.3174962020826,458.02220298369076
916.0,862.655133022322,28.0,294.5459036483731,447.74474022173763
917.0,867.8712952956481,28.0,296.1687196030779,449.10781093389375
918.0,686.2381082553317,28.0,255.34897846359297,493.0459683555602
919.0,690.2688095736492,28.0,256.4930990156972,494.9595330791598
920.0,694.3876879094422,28.0,257.66280853827294,496.8808568284299
921.0,698.5947432627108,28.0,258.85810703132006,498.80993960337025
922.0,702.8899756334556,28.0,260.0789944948387,500.74678140398083
923.0,707.2733850216761,28.0,261.3254709288288,502.6913822302615
924.0,711.7449714273721,28.0,262.59753633329035,504.64374208221267
925.0,716.304734850544,28.0,263.89519070822337,506.6038609598342
926.0,729.5846550346295,28.0,256.2201697640468,480.6183613878329
927.0,734.1664354735468,28.0,257.5516668910494,482.24811322893527
928.0,738.8425150987661,28.0,258.8812995744232,483.91334339245265
929.0,752.0607767902986,28.0,251.17707991996627,472.38079559221393
930.0,756.8963112738179,28.0,252.55363742454466,473.92121317169426
931.0,761.826686593667,28.0,253.95690953166192,475.4681772768853
932.0,766.8519027498463,28.0,255.3877044494822,477.0208796996224
933.0,771.9719597423554,28.0,256.84602217800546,478.57932043990616
934.0,777.1868575711948,28.0,258.33186271723156,480.14349949773606
935.0,804.340367520941,28.0,254.73009185434682,419.16952949999177
936.0,809.4764178853121,28.0,256.2045746545771,420.1783808030657
937.0,814.7204295593058,28.0,257.6950564703176,421.20605307389377
938.0,820.0724025429228,28.0,259.2168686581105,422.23721495593384
939.0,825.5323368361619,28.0,260.7700112179561,423.27186644918555
940.0,831.100232439024,28.0,262.3544841498542,424.3100075536492
941.0,836.7760893515091,28.0,263.97028745380476,425.35163826932467
942.0,842.5599075736168,28.0,265.6174211298079,426.3967585962117
943.0,848.4516871053477,28.0,267.2958851778637,427.4453685343107
944.0,869.842450687755,28.0,261.98129791045386,411.17001837464306
945.0,875.8406018409802,28.0,263.69267918958656,411.98332174969426
946.0,881.9503100967445,28.0,265.43334265425244,412.80218105483107
947.0,888.1715754550482,28.0,267.2063799900752,413.6235046044298
948.0,894.5043979158912,28.0,269.01179119705495,414.4472923984903
949.0,900.9487774792732,28.0,270.8495762751916,415.27354443701313
950.0,907.5047141451944,28.0,272.719735224485,416.10226071999756
951.0,914.1722079136549,28.0,274.6222680449354,416.933441247444
952.0,920.9512587846547,28.0,276.5571747365427,417.76708601935235
953.0,927.8418667581941,28.0,278.52445529930674,418.6031950357227
954.0,934.8440318342723,28.0,280.52410973322793,419.44176829655487
955.0,941.9577540128898,28.0,282.55613803830585,420.2828058018491
956.0,949.1830332940467,28.0,284.62054021454065,421.12630755160524
957.0,963.7231164482105,28.0,277.29332946329754,378.5282082367423
958.0,971.0681354760774,28.0,279.4162483932708,378.9589744038919
959.0,978.5275706781289,28.0,281.54777291515757,379.4153519327103
960.0,986.1014220543657,28.0,283.712501010793,379.8727428413627
961.0,993.7896896047869,28.0,285.9104326801768,380.33114712984934
962.0,1001.5923733293937,28.0,288.14156792330914,380.7905647981698
963.0,1009.5094732281856,28.0,290.40590674019006,381.25099584632454
964.0,1017.5409893011623,28.0,292.70344913081937,381.7124402743131
965.0,1025.6869215483239,28.0,295.0341950951972,382.17489808213594
966.0,1033.9472699696712,28.0,297.39814463332357,382.6383692697928
967.0,953.7120892251031,28.0,285.7707590448872,396.9717796622118
968.0,961.6148448565477,28.0,288.0316482931249,397.6089071516343
969.0,969.6295592612785,28.0,290.32502797737015,398.2477732072684
970.0,977.7562324392944,28.0,292.650898097623,398.8883778291142
971.0,985.9948643905965,28.0,295.00925865388336,399.5307210171715
972.0,921.438765457765,28.0,287.89552216705226,409.48391789044547
973.0,779.2234735565407,28.0,258.45528496144726,441.96895936104835
974.0,706.5224869281781,28.0,249.08092461110977,454.18924780863244
975.0,712.7502271703715,28.0,250.85902570655725,455.5575202907203
976.0,719.0785501928435,28.0,252.66631592484174,456.93088842868406
977.0,725.5074559955955,28.0,254.50279526596324,458.3093522225233
978.0,747.8595988317242,28.0,249.4522943448285,391.0967597363669
979.0,754.389303620329,28.0,251.3344555809663,391.97824209736496
980.0,761.0225534195821,28.0,253.22937591061947,392.88052089666206
981.0,767.7593482294833,28.0,255.1543450023627,393.7863064656834
982.0,774.5996880500321,28.0,257.109362856196,394.6955988044292
983.0,781.5435728812292,28.0,259.0944294721193,395.6083979128991
984.0,788.5910027230747,28.0,261.10954485013275,396.5247037910933
985.0,795.741977575568,28.0,263.1547089902363,397.44451643901175
986.0,802.9964974387092,28.0,265.22992189242984,398.3678358566546
987.0,810.3545623124984,28.0,267.33518355671333,399.2946620440218
988.0,817.8161721969358,28.0,269.470493983087,400.2249950011131
989.0,825.3813270920213,28.0,271.63585317155076,401.1588347279287
990.0,833.0500269977548,28.0,273.8312611221045,402.0961812244687
991.0,840.8222719141362,28.0,276.0567178347483,403.03703449073294
992.0,848.6980618411659,28.0,278.3122233094823,403.9813945267215
993.0,856.6773967788432,28.0,280.5977775463063,404.9292613324342
994.0,864.760276727169,28.0,282.9133805452203,405.88063490787124
995.0,872.9467016861428,28.0,285.2590323062244,406.83551525303255
996.0,881.2366716557643,28.0,287.6347328293186,407.79390236791835
997.0,889.6301866360341,28.0,290.0404821145029,408.7557962525283
998.0,898.127246626952,28.0,292.4762801617771,409.7211969068623
999.0,906.727851628518,28.0,294.9421269711415,410.6901043309208
1000.0,915.432001640732,28.0,297.4380225425959,411.66251852470356
1001.0,924.2396966635936,28.0,299.9639668761404,412.63843948821057
1002.0,933.1509366971035,28.0,302.5199599717748,413.6178672214419
1003.0,942.1657217412615,28.0,305.1060018294995,414.60080172439757
1004.0,951.2840517960675,28.0,307.72209244931406,415.58724299707745
1005.0,960.5059268615216,28.0,310.3682318312188,416.57719103948153
1006.0,969.831346937624,28.0,313.04441997521377,417.57064585161
1007.0,979.2603120243741,28.0,315.7506568812984,418.56760743346285
1008.0,988.7928221217724,28.0,318.4869425494733,419.5680757850399
1009.0,998.4288772298187,28.0,321.25327697973836,420.57205090634113
1010.0,1008.168477348513,28.0,324.0496601720935,421.5795327973666
1011.0,1018.0116224778553,28.0,326.8760921265384,422.5905214581165
1012.0,1027.9583126178456,28.0,329.7325728430737,423.60501688859074
1013.0,1038.0085477684843,28.0,332.61910232169885,424.6230190887891
1014.0,1048.1623279297705,28.0,335.5356805624142,425.6445280587118
1015.0,1010.2255342878873,28.0,336.09167378291073,428.8011738477504
1016.0,1020.328033326585,28.0,338.9936500503449,429.90538283980743
1017.0,1030.5331131840144,28.0,341.92539527137495,431.0133831375157
1018.0,1040.840773860175,28.0,344.88690944600114,432.1251747408752
1019.0,1051.2510153550677,28.0,347.87819257422285,433.24075764988623
1020.0,1061.7638376686918,28.0,350.8992446560407,434.36013186454875
1021.0,858.0036676616281,28.0,315.1222848153586,474.17815124709716
1022.0,867.5358121310603,28.0,317.86006435540446,475.65241252439216
1023.0,877.1659882510212,28.0,320.62629268043366,477.13180758052283
1024.0,886.8941960215108,28.0,323.42096979044624,478.616336415489
1025.0,896.7204354425292,28.0,326.2440956854425,480.105999029291
1026.0,906.6447065140756,28.0,329.0956703654219,481.60079542192847
1027.0,929.5384503138575,28.0,324.1955933927763,457.99817081119716
1028.0,939.61583381957,28.0,327.0988582810814,459.2839326678318
1029.0,949.7923335912338,28.0,330.02331497443913,460.58168158301817
1030.0,865.4783147877148,28.0,317.2540976056561,477.4425819751984
1031.0,875.1369665808799,28.0,320.0292069513948,478.95861477221365
1032.0,904.2947775607443,28.0,316.94220406484277,462.5070482447191
1033.0,922.5108920267046,28.0,310.740891769366,409.5282676361123
1034.0,952.8089255832598,28.0,307.9995318155715,382.83458570800525
1035.0,962.5965660825411,28.0,310.81075020426204,383.4663432619572
1036.0,972.4861197273406,28.0,313.6511234771533,384.10055355923316
1037.0,982.4775865176588,28.0,316.52107194487417,384.73679628920485
1038.0,992.5709664534958,28.0,319.42059560742456,385.3750714518719
1039.0,1002.7662595348511,28.0,322.34969446480443,386.01537904723455
1040.0,1013.0634657617248,28.0,325.3083685170138,386.65771907529245
1041.0,1023.4625851341176,28.0,328.2966177640526,387.3020915360462
1042.0,1033.9636176520285,28.0,331.314442205921,387.9484964294952
1043.0,1044.5665633154583,28.0,334.3618418426188,388.59693375563984
1044.0,1055.2714221244064,28.0,337.4388166741461,389.2474035144799
1045.0,1066.0781940788734,28.0,340.54536670050277,389.8999057060155
1046.0,1076.9868791788588,28.0,343.68149192168903,390.5544403302466
1047.0,1087.9974774243624,28.0,346.8471923377048,391.21100738717325
1048.0,1099.1099888153853,28.0,350.04246794855,391.8696068767954
1049.0,1110.324413351926,28.0,353.26731875422485,392.53023879911314
1050.0,1041.4857910146277,28.0,344.9465803703067,404.5752622943279
1051.0,1052.3322723546194,28.0,348.065376552445,405.40724498892774
1052.0,1063.2781772050437,28.0,351.21302543731053,406.24199481500557
1053.0,1074.3235055658997,28.0,354.3895270249037,407.07951177256217
1054.0,1085.4682574371875,28.0,357.59488131522403,407.91979586159715
1055.0,1096.7124328189077,28.0,360.82908830827193,408.76284708211045
1056.0,1108.05603171106,28.0,364.092148004047,409.6086654341022
1057.0,1119.4990541136444,28.0,367.3840604025496,410.45725091757254
1058.0,1131.0415000266607,28.0,370.7048255037797,411.30860353252115
1059.0,1142.6833694501092,28.0,374.054443307737,412.16272327894836
1060.0,1154.42466238399,28.0,377.4329138144218,413.0196101568539
1061.0,1101.6318174863065,28.0,373.7718350028652,420.6763070579878
1062.0,1112.9911146298214,28.0,377.0403534345262,421.70833044829175
1063.0,1124.446723280527,28.0,380.3368214655742,422.7440393315664
1064.0,893.035984930732,28.0,325.74793460102126,481.39352511351825
1065.0,900.9548218224896,28.0,328.0264428268984,483.5203378499769
1066.0,908.9409855237263,28.0,330.3244892928864,485.65938955065525
1067.0,916.9944760344428,28.0,332.6420739989853,487.8106802155533
1068.0,925.1152933546389,28.0,334.9791969451953,489.9742098446709
1069.0,933.3034374843145,28.0,337.3358581315162,492.14997843800785
1070.0,941.5589084234693,28.0,339.71205755794807,494.337985995565
1071.0,949.8817061721039,28.0,342.1077952244907,496.5382325173414
1072.0,958.2718307302179,28.0,344.52307113114443,498.7507180033376
1073.0,966.7292820978114,28.0,346.9578852779092,500.97544245355346
1074.0,975.2540602748843,28.0,349.4122376647849,503.212405867989
1075.0,998.8697196207764,28.0,344.73217564789934,498.43387121396904
1076.0,1007.4441453598687,28.0,347.2187926339493,500.5863844577554
1077.0,1016.0877481710289,28.0,349.70709098343394,502.76924160830913
1078.0,937.3060537282528,28.0,338.49941230117514,518.5342422370796
1079.0,945.5546804435987,28.0,340.873616791939,520.8973305006404
1080.0,953.8706640921962,28.0,343.2673682647324,523.2729059765143
1081.0,1002.4385488246111,28.0,334.3326003469719,464.54045867172647
1082.0,1010.6225073114164,28.0,336.7338668689022,466.4744670768786
1083.0,1018.8816700931125,28.0,339.10885162177306,468.46771010555364
1084.0,1027.2160371696993,28.0,341.50566066102124,470.4720817023151
1085.0,1035.6256085411765,28.0,343.9242939866467,472.48758186716327
1086.0,1044.1103842075447,28.0,346.36475159864943,474.5142106000975
1087.0,1052.6703641688032,28.0,348.8270334970295,476.55196790111853
1088.0,912.6428449780728,28.0,320.1286085447874,509.65289273893984
1089.0,919.8322367168394,28.0,322.19575361263674,512.1565421551533
1090.0,948.3540312069289,28.0,318.96727343723217,485.17120892143043
1091.0,955.4974967018128,28.0,321.03853985625074,487.42304212677743
1092.0,962.7149317381995,28.0,323.11157354286604,489.7073843834494
1093.0,970.0063363160899,28.0,325.2060731904255,492.0045369980989
1094.0,977.3717104354839,28.0,327.32203879892927,494.31449997072565
1095.0,984.811054096381,28.0,329.45947036837737,496.63727330132986
